{
    "argon2d-dyn": {
      "name": "argon2d-dyn",
      "port": 4239,
      "coins": 1,
      "fees": 0.9,
      "hashrate": 0,
      "workers": 0,
      "estimate_current": "0.00504345",
      "estimate_last24h": "0.00671854",
      "actual_last24h": 0.00504345,
      "mbtc_mh_factor": 1,
      "hashrate_last24h": 0
    },
    "blake2s": {
      "name": "blake2s",
      "port": 5766,
      "coins": 3,
      "fees": 0.9,
      "hashrate": 11833530544327,
      "workers": 1880,
      "estimate_current": "0.00000678",
      "estimate_last24h": "0.00000564",
      "actual_last24h": 0.00000678,
      "mbtc_mh_factor": 1000,
      "hashrate_last24h": 11331373505065
    },
    "hex": {
      "name": "hex",
      "port": 5035,
      "coins": 1,
      "fees": 0,
      "hashrate": 43980465,
      "workers": 1,
      "estimate_current": "0.00000878",
      "estimate_last24h": "0.00000902",
      "actual_last24h": 0.00000878,
      "mbtc_mh_factor": 1,
      "hashrate_last24h": 40525402.5833
    },
    "keccak": {
      "name": "keccak",
      "port": 5133,
      "coins": 2,
      "fees": 0.5,
      "hashrate": 635490920024,
      "workers": 878,
      "estimate_current": "0.00003317",
      "estimate_last24h": "0.00003635",
      "actual_last24h": 0.00003317,
      "mbtc_mh_factor": 1000,
      "hashrate_last24h": 825286018089.1
    },
    "keccakc": {
      "name": "keccakc",
      "port": 5134,
      "coins": 1,
      "fees": 0.9,
      "hashrate": 58640620,
      "workers": 23,
      "estimate_current": "0.00004976",
      "estimate_last24h": "0.00003642",
      "actual_last24h": 0,
      "mbtc_mh_factor": 1000,
      "hashrate_last24h": 514632525.9063
    },
    "lyra2v2": {
      "name": "lyra2v2",
      "port": 4533,
      "coins": 8,
      "fees": 0.9,
      "hashrate": 10114247170,
      "workers": 37,
      "estimate_current": "0.00000136",
      "estimate_last24h": "0.00000174",
      "actual_last24h": 0.00000136,
      "mbtc_mh_factor": 1,
      "hashrate_last24h": 5361201284.2813
    },
    "lyra2z": {
      "name": "lyra2z",
      "port": 4553,
      "coins": 8,
      "fees": 0.9,
      "hashrate": 788326982,
      "workers": 7,
      "estimate_current": "0.00002225",
      "estimate_last24h": "0.00002707",
      "actual_last24h": 0.00002225,
      "mbtc_mh_factor": 1,
      "hashrate_last24h": 341936649.7083
    },
    "neoscrypt": {
      "name": "neoscrypt",
      "port": 4233,
      "coins": 1,
      "fees": 0.9,
      "hashrate": 1477612,
      "workers": 21,
      "estimate_current": "0.00003865",
      "estimate_last24h": "0.00005706",
      "actual_last24h": 0.00003865,
      "mbtc_mh_factor": 1,
      "hashrate_last24h": 307181.4479
    },
    "phi": {
      "name": "phi",
      "port": 8333,
      "coins": 2,
      "fees": 0.9,
      "hashrate": 0,
      "workers": 0,
      "estimate_current": "0.00000250",
      "estimate_last24h": "0.00000297",
      "actual_last24h": 0.0000025,
      "mbtc_mh_factor": 1,
      "hashrate_last24h": 0
    },
    "phi2": {
      "name": "phi2",
      "port": 8332,
      "coins": 1,
      "fees": 0.9,
      "hashrate": 0,
      "workers": 0,
      "estimate_current": "0.00001097",
      "estimate_last24h": "0.00001375",
      "actual_last24h": 0.00001097,
      "mbtc_mh_factor": 1,
      "hashrate_last24h": 0
    },
    "scrypt": {
      "name": "scrypt",
      "port": 3433,
      "coins": 2,
      "fees": 0.9,
      "hashrate": 0,
      "workers": 0,
      "estimate_current": "0.00005932",
      "estimate_last24h": "0.00004341",
      "actual_last24h": 0,
      "mbtc_mh_factor": 1000,
      "hashrate_last24h": 1221679.5833
    },
    "sha256": {
      "name": "sha256",
      "port": 3333,
      "coins": 1,
      "fees": 0.9,
      "hashrate": 0,
      "workers": 0,
      "estimate_current": "0.00000000",
      "estimate_last24h": "0.00000000",
      "actual_last24h": 0,
      "mbtc_mh_factor": 1000,
      "hashrate_last24h": 0
    },
    "sib": {
      "name": "sib",
      "port": 5033,
      "coins": 1,
      "fees": 0.9,
      "hashrate": 0,
      "workers": 0,
      "estimate_current": "0.00000046",
      "estimate_last24h": "0.00000051",
      "actual_last24h": 0,
      "mbtc_mh_factor": 1,
      "hashrate_last24h": 14753002.6875
    },
    "x16r": {
      "name": "x16r",
      "port": 3636,
      "coins": 7,
      "fees": 0,
      "hashrate": 75362345,
      "workers": 5,
      "estimate_current": "0.00000602",
      "estimate_last24h": "0.00000726",
      "actual_last24h": 0.00000602,
      "mbtc_mh_factor": 1,
      "hashrate_last24h": 312094973.3438
    },
    "x16s": {
      "name": "x16s",
      "port": 3663,
      "coins": 2,
      "fees": 0.9,
      "hashrate": 0,
      "workers": 0,
      "estimate_current": "0.00000598",
      "estimate_last24h": "0.00000600",
      "actual_last24h": 0.00000598,
      "mbtc_mh_factor": 1,
      "hashrate_last24h": 0
    },
    "x17": {
      "name": "x17",
      "port": 3737,
      "coins": 1,
      "fees": 0.9,
      "hashrate": 0,
      "workers": 0,
      "estimate_current": "0.00000703",
      "estimate_last24h": "0.00000739",
      "actual_last24h": 0.00000703,
      "mbtc_mh_factor": 1,
      "hashrate_last24h": 0
    },
    "xevan": {
      "name": "xevan",
      "port": 3739,
      "coins": 3,
      "fees": 0.9,
      "hashrate": 0,
      "workers": 0,
      "estimate_current": "0.00001387",
      "estimate_last24h": "0.00001725",
      "actual_last24h": 0.00001387,
      "mbtc_mh_factor": 1,
      "hashrate_last24h": 3617028.8646
    },
    "yescrypt": {
      "name": "yescrypt",
      "port": 6233,
      "coins": 3,
      "fees": 0.9,
      "hashrate": 128320,
      "workers": 62,
      "estimate_current": 0.013711,
      "estimate_last24h": 0.010034,
      "actual_last24h": 0.013711,
      "mbtc_mh_factor": 1,
      "hashrate_last24h": 216802.6667
    },
    "yescryptR16": {
      "name": "yescryptR16",
      "port": 6333,
      "coins": 1,
      "fees": 0.9,
      "hashrate": 15232,
      "workers": 65,
      "estimate_current": "0.01080687",
      "estimate_last24h": "0.01494652",
      "actual_last24h": 0.01080687,
      "mbtc_mh_factor": 1,
      "hashrate_last24h": 15505.8542
    },
    "yescryptR32": {
      "name": "yescryptR32",
      "port": 6343,
      "coins": 1,
      "fees": 0.9,
      "hashrate": 0,
      "workers": 3,
      "estimate_current": "0.00000000",
      "estimate_last24h": "0.00000000",
      "actual_last24h": 0,
      "mbtc_mh_factor": 1,
      "hashrate_last24h": 21.2292
    }
  }