{
    "bitcore":  {
                    "name":  "bitcore",
                    "port":  3556,
                    "coins":  1,
                    "fees":  1.25,
                    "hashrate":  16091822,
                    "workers":  1,
                    "estimate_current":  "0.00000557",
                    "estimate_last24h":  "0.00000586",
                    "actual_last24h":  0,
                    "mbtc_mh_factor":  1,
                    "hashrate_last24h":  30844126.4583
                },
    "blake2s":  {
                    "name":  "blake2s",
                    "port":  5766,
                    "coins":  2,
                    "fees":  1.25,
                    "hashrate":  9660924888,
                    "workers":  2,
                    "estimate_current":  "0.00000473",
                    "estimate_last24h":  "0.00000747",
                    "actual_last24h":  0,
                    "mbtc_mh_factor":  1000,
                    "hashrate_last24h":  10969373961.812
                },
    "lyra2v2":  {
                    "name":  "lyra2v2",
                    "port":  4533,
                    "coins":  4,
                    "fees":  1.25,
                    "hashrate":  131597761,
                    "workers":  3,
                    "estimate_current":  "0.00000181",
                    "estimate_last24h":  "0.00000244",
                    "actual_last24h":  1.975E-06,
                    "mbtc_mh_factor":  1,
                    "hashrate_last24h":  1550494807.4375
                },
    "lyra2z":  {
                   "name":  "lyra2z",
                   "port":  4553,
                   "coins":  1,
                   "fees":  0.1,
                   "hashrate":  1603440,
                   "workers":  2,
                   "estimate_current":  "0.00006390",
                   "estimate_last24h":  "0.00005736",
                   "actual_last24h":  0,
                   "mbtc_mh_factor":  1,
                   "hashrate_last24h":  1326508.8542
               },
    "m7m":  {
                "name":  "m7m",
                "port":  6033,
                "coins":  1,
                "fees":  1.25,
                "hashrate":  3365678,
                "workers":  60,
                "estimate_current":  "0.00003674",
                "estimate_last24h":  "0.07471345",
                "actual_last24h":  4.8320000000000025E-05,
                "mbtc_mh_factor":  1,
                "hashrate_last24h":  5687250.5833
            },
    "myr-gr":  {
                   "name":  "myr-gr",
                   "port":  5433,
                   "coins":  5,
                   "fees":  1.25,
                   "hashrate":  2644691969,
                   "workers":  2,
                   "estimate_current":  "0.00000008",
                   "estimate_last24h":  "0.00000011",
                   "actual_last24h":  0,
                   "mbtc_mh_factor":  1,
                   "hashrate_last24h":  1904142788.7604
               },
    "neoscrypt":  {
                      "name":  "neoscrypt",
                      "port":  4233,
                      "coins":  9,
                      "fees":  1.25,
                      "hashrate":  149355886,
                      "workers":  71,
                      "estimate_current":  "0.00012943",
                      "estimate_last24h":  "0.00010322",
                      "actual_last24h":  9.8224999999999989E-05,
                      "mbtc_mh_factor":  1,
                      "hashrate_last24h":  166410414.4167
                  },
    "nist5":  {
                  "name":  "nist5",
                  "port":  3833,
                  "coins":  1,
                  "fees":  1.25,
                  "hashrate":  0,
                  "workers":  0,
                  "estimate_current":  "0.00000001",
                  "estimate_last24h":  "0.00000001",
                  "actual_last24h":  0,
                  "mbtc_mh_factor":  1,
                  "hashrate_last24h":  2713044.9375
              },
    "phi2":  {
                 "name":  "phi2",
                 "port":  8332,
                 "coins":  1,
                 "fees":  0.1,
                 "hashrate":  0,
                 "workers":  0,
                 "estimate_current":  "0.00002675",
                 "estimate_last24h":  "0.00003195",
                 "actual_last24h":  0,
                 "mbtc_mh_factor":  1,
                 "hashrate_last24h":  412791.3438
             },
    "quark":  {
                  "name":  "quark",
                  "port":  4033,
                  "coins":  2,
                  "fees":  1.25,
                  "hashrate":  1505084817,
                  "workers":  10,
                  "estimate_current":  "0.00011292",
                  "estimate_last24h":  "0.00010574",
                  "actual_last24h":  9.2719999999999993E-05,
                  "mbtc_mh_factor":  1000,
                  "hashrate_last24h":  3918899959.5417
              },
    "qubit":  {
                  "name":  "qubit",
                  "port":  4733,
                  "coins":  3,
                  "fees":  1.25,
                  "hashrate":  95217707,
                  "workers":  16,
                  "estimate_current":  "0.00010724",
                  "estimate_last24h":  "0.00013201",
                  "actual_last24h":  0,
                  "mbtc_mh_factor":  1000,
                  "hashrate_last24h":  618196136.8125
              },
    "scrypt":  {
                   "name":  "scrypt",
                   "port":  3433,
                   "coins":  8,
                   "fees":  1.25,
                   "hashrate":  521038535,
                   "workers":  8,
                   "estimate_current":  "0.00000074",
                   "estimate_last24h":  "0.00000069",
                   "actual_last24h":  6.4E-07,
                   "mbtc_mh_factor":  1,
                   "hashrate_last24h":  1638332816.1042
               },
    "skein":  {
                  "name":  "skein",
                  "port":  4933,
                  "coins":  4,
                  "fees":  1.25,
                  "hashrate":  5521571473,
                  "workers":  4,
                  "estimate_current":  "0.00000013",
                  "estimate_last24h":  "0.00000023",
                  "actual_last24h":  1.2000000000000004E-07,
                  "mbtc_mh_factor":  1,
                  "hashrate_last24h":  13348640283.863
              },
    "timetravel":  {
                       "name":  "timetravel",
                       "port":  3555,
                       "coins":  1,
                       "fees":  1.25,
                       "hashrate":  29946020,
                       "workers":  4,
                       "estimate_current":  "0.00000245",
                       "estimate_last24h":  "0.00000352",
                       "actual_last24h":  2.5973684210526313E-06,
                       "mbtc_mh_factor":  1,
                       "hashrate_last24h":  225335342.9263
                   },
    "tribus":  {
                   "name":  "tribus",
                   "port":  8533,
                   "coins":  1,
                   "fees":  1.25,
                   "hashrate":  86128411,
                   "workers":  2,
                   "estimate_current":  "0.00000070",
                   "estimate_last24h":  "0.00000107",
                   "actual_last24h":  6.8421052631578946E-07,
                   "mbtc_mh_factor":  1,
                   "hashrate_last24h":  1198409805.2211
               },
    "x11":  {
                "name":  "x11",
                "port":  3533,
                "coins":  7,
                "fees":  1.25,
                "hashrate":  197590068034,
                "workers":  88,