{
    "bitcore": {
      "name": "bitcore",
      "port": 3556,
      "coins": 1,
      "fees": 0.25,
      "hashrate": 0,
      "workers": 0,
      "estimate_current": 0.000006222,
      "estimate_last24h": "0.00000539",
      "actual_last24h": 0,
      "mbtc_mh_factor": 1,
      "hashrate_last24h": 24143083.6458,
      "estimate_old": 0.000006222
    },
    "c11": {
      "name": "c11",
      "port": 3573,
      "coins": 5,
      "fees": 0.25,
      "hashrate": 179616220,
      "workers": 3,
      "estimate_current": 0.000010108025316456,
      "estimate_last24h": "0.00000474",
      "actual_last24h": 0.000005057403930584785,
      "mbtc_mh_factor": 1,
      "hashrate_last24h": 676622963.0938,
      "estimate_old": 0.0000096624
    },
    "keccak": {
      "name": "keccak",
      "port": 5133,
      "coins": 1,
      "fees": 0.25,
      "hashrate": 30613123836,
      "workers": 46,
      "estimate_current": 0.00015418743594318,
      "estimate_last24h": "0.00014573",
      "actual_last24h": 0.0001894410196616381,
      "mbtc_mh_factor": 1000,
      "hashrate_last24h": 83452980235.385,
      "estimate_old": 0.0001592832
    },
    "lyra2v2": {
      "name": "lyra2v2",
      "port": 4533,
      "coins": 13,
      "fees": 0.25,
      "hashrate": 9042910381,
      "workers": 81,
      "estimate_current": 0.0000044164,
      "estimate_last24h": "0.00000318",
      "actual_last24h": 0.0000029524,
      "mbtc_mh_factor": 1,
      "hashrate_last24h": 40906745352.969,
      "estimate_old": 0.0000044164
    },
    "lyra2z": {
      "name": "lyra2z",
      "port": 4553,
      "coins": 11,
      "fees": 0.25,
      "hashrate": 2294398339,
      "workers": 205,
      "estimate_current": 0.0000699914,
      "estimate_last24h": "0.00005648",
      "actual_last24h": 0.0000791403,
      "mbtc_mh_factor": 1,
      "hashrate_last24h": 6622234284.5521,
      "estimate_old": 0.0000699914
    },
    "neoscrypt": {
      "name": "neoscrypt",
      "port": 4233,
      "coins": 23,
      "fees": 0.25,
      "hashrate": 260019297,
      "workers": 89,
      "estimate_current": 0.0001305238465169,
      "estimate_last24h": "0.00010594",
      "actual_last24h": 0.00011454414964048191,
      "mbtc_mh_factor": 1,
      "hashrate_last24h": 631840760.6354,
      "estimate_old": 0.000131028
    },
    "phi": {
      "name": "phi",
      "port": 8334,
      "coins": 2,
      "fees": 0.25,
      "hashrate": 402831740,
      "workers": 3,
      "estimate_current": 0.000006034753164557,
      "estimate_last24h": "0.00000395",
      "actual_last24h": 0.000005210285714285714,
      "mbtc_mh_factor": 1,
      "hashrate_last24h": 562655528.625,
      "estimate_old": 0.0000049532
    },
    "phi2": {
      "name": "phi2",
      "port": 8332,
      "coins": 1,
      "fees": 0.25,
      "hashrate": 0,
      "workers": 0,
      "estimate_current": 0,
      "estimate_last24h": "0.00000000",
      "actual_last24h": 0,
      "mbtc_mh_factor": 1,
      "hashrate_last24h": 0,
      "estimate_old": 0
    },
    "quark": {
      "name": "quark",
      "port": 4033,
      "coins": 1,
      "fees": 0.25,
      "hashrate": 0,
      "workers": 0,
      "estimate_current": 1.22e-7,
      "estimate_last24h": "0.00000010",
      "actual_last24h": 0,
      "mbtc_mh_factor": 1,
      "hashrate_last24h": 122167.9583,
      "estimate_old": 1.22e-7
    },
    "scrypt": {
      "name": "scrypt",
      "port": 3433,
      "coins": 74,
      "fees": 0.25,
      "hashrate": 192194077223,
      "workers": 358,
      "estimate_current": 0.0000013298,
      "estimate_last24h": "0.00000077",
      "actual_last24h": 8.453714285714285e-7,
      "mbtc_mh_factor": 1,
      "hashrate_last24h": 166468569927.85,
      "estimate_old": 0.0000013298
    },
    "sha256": {
      "name": "sha256",
      "port": 3333,
      "coins": 13,
      "fees": 0.25,
      "hashrate": 806877047848070,
      "workers": 65,
      "estimate_current": 8.375e-8,
      "estimate_last24h": "0.00000004",
      "actual_last24h": 6.633333333333333e-8,
      "mbtc_mh_factor": 1000,
      "hashrate_last24h": 754793534189460,
      "estimate_old": 6.1e-8
    },
    "skein": {
      "name": "skein",
      "port": 4933,
      "coins": 8,
      "fees": 0.25,
      "hashrate": 6721006717,
      "workers": 13,
      "estimate_current": 0.0000086239772727273,
      "estimate_last24h": "0.00000022",
      "actual_last24h": 0.000005550141304347801,
      "mbtc_mh_factor": 1000,
      "hashrate_last24h": 4681538786.2604,
      "estimate_old": 1.83e-7
    },
    "skunk": {
      "name": "skunk",
      "port": 8433,
      "coins": 1,
      "fees": 0.25,
      "hashrate": 559548797,
      "workers": 4,
      "estimate_current": 2.8668987341772e-7,
      "estimate_last24h": "0.00000079",
      "actual_last24h": 1.319113924050649e-7,
      "mbtc_mh_factor": 1,
      "hashrate_last24h": 551658885.2604,
      "estimate_old": 2.196e-7
    },
    "tribus": {
      "name": "tribus",
      "port": 8533,
      "coins": 3,
      "fees": 0.25,
      "hashrate": 848119289,
      "workers": 2,
      "estimate_current": 0.0000017204444444444,
      "estimate_last24h": "0.00000108",
      "actual_last24h": 0.0000014557669732482855,
      "mbtc_mh_factor": 1,
      "hashrate_last24h": 1479763369.4479,
      "estimate_old": 0.0000013664
    },
    "x11": {
      "name": "x11",
      "port": 3533,
      "coins": 29,
      "fees": 0.25,
      "hashrate": 249313176747,
      "workers": 125,
      "estimate_current": 0.0000280722,
      "estimate_last24h": "0.00002864",
      "actual_last24h": 0.0000282492,
      "mbtc_mh_factor": 1000,
      "hashrate_last24h": 659226858726.08,
      "estimate_old": 0.0000280722
    },
    "x13": {
      "name": "x13",
      "port": 3633,
      "coins": 2,
      "fees": 0.25,
      "hashrate": 0,
      "workers": 0,
      "estimate_current": 1.586e-7,
      "estimate_last24h": "0.00000014",
      "actual_last24h": 0,
      "mbtc_mh_factor": 1,
      "hashrate_last24h": 506997.0104,
      "estimate_old": 1.586e-7
    },
    "x16r": {
      "name": "x16r",
      "port": 3636,
      "coins": 5,
      "fees": 0.25,
      "hashrate": 4470717076,
      "workers": 117,
      "estimate_current": 0.00001514575,
      "estimate_last24h": "0.00001084",
      "actual_last24h": 0.000014948100000000002,
      "mbtc_mh_factor": 1,
      "hashrate_last24h": 14613844125.135,
      "estimate_old": 0.0000157258
    },
    "x16s": {
      "name": "x16s",
      "port": 3663,
      "coins": 3,
      "fees": 0.25,
      "hashrate": 32842119,
      "workers": 4,
      "estimate_current": 0.000011791743975904,
      "estimate_last24h": "0.00000747",
      "actual_last24h": 0.00000881695128994993,
      "mbtc_mh_factor": 1,
      "hashrate_last24h": 1012694233.4375,
      "estimate_old": 0.0000121878
    },
    "x17": {
      "name": "x17",
      "port": 3737,
      "coins": 4,
      "fees": 0.25,
      "hashrate": 5394937,
      "workers": 1,
      "estimate_current": 0.000010187,
      "estimate_last24h": "0.00000904",
      "actual_last24h": 0,
      "mbtc_mh_factor": 1,
      "hashrate_last24h": 49813679.7083,
      "estimate_old": 0.000010187
    },
    "xevan": {
      "name": "xevan",
      "port": 3739,
      "coins": 1,
      "fees": 0.25,
      "hashrate": 0,
      "workers": 0,
      "estimate_current": 0.0000076616,
      "estimate_last24h": "0.00001637",
      "actual_last24h": 0.0000081496,
      "mbtc_mh_factor": 1,
      "hashrate_last24h": 2690352.6667,
      "estimate_old": 0.0000076616
    },
    "yescryptR16": {
      "name": "yescryptR16",
      "port": 6333,
      "coins": 2,
      "fees": 0.25,
      "hashrate": 61265,
      "workers": 148,
      "estimate_current": 0.0434106134,
      "estimate_last24h": "0.04420615",
      "actual_last24h": 0.052041089,
      "mbtc_mh_factor": 0.001,
      "hashrate_last24h": 72822.0833,
      "estimate_old": 0.0434106134
    }
  }