{
    "bitcore":  {
                    "name":  "bitcore",
                    "port":  3556,
                    "coins":  1,
                    "fees":  0.25,
                    "hashrate":  0,
                    "workers":  0,
                    "estimate_current":  6.222E-06,
                    "estimate_last24h":  "0.00000539",
                    "actual_last24h":  0,
                    "mbtc_mh_factor":  1,
                    "hashrate_last24h":  24143083.6458,
                    "estimate_old":  6.222E-06
                },
    "c11":  {
                "name":  "c11",
                "port":  3573,
                "coins":  5,
                "fees":  0.25,
                "hashrate":  179616220,
                "workers":  3,
                "estimate_current":  1.0108025316456E-05,
                "estimate_last24h":  "0.00000474",
                "actual_last24h":  5.0574039305847853E-06,
                "mbtc_mh_factor":  1,
                "hashrate_last24h":  676622963.0938,
                "estimate_old":  9.6624E-06
            },
    "keccak":  {
                   "name":  "keccak",
                   "port":  5133,
                   "coins":  1,
                   "fees":  0.25,
                   "hashrate":  30613123836,
                   "workers":  46,
                   "estimate_current":  0.00015418743594318,
                   "estimate_last24h":  "0.00014573",
                   "actual_last24h":  0.00018944101966163811,
                   "mbtc_mh_factor":  1000,
                   "hashrate_last24h":  83452980235.385,
                   "estimate_old":  0.0001592832
               },
    "lyra2v2":  {
                    "name":  "lyra2v2",
                    "port":  4533,
                    "coins":  13,
                    "fees":  0.25,
                    "hashrate":  9042910381,
                    "workers":  81,
                    "estimate_current":  4.4164E-06,
                    "estimate_last24h":  "0.00000318",
                    "actual_last24h":  2.9524E-06,
                    "mbtc_mh_factor":  1,
                    "hashrate_last24h":  40906745352.969,
                    "estimate_old":  4.4164E-06
                },
    "lyra2z":  {
                   "name":  "lyra2z",
                   "port":  4553,
                   "coins":  11,
                   "fees":  0.25,
                   "hashrate":  2294398339,
                   "workers":  205,
                   "estimate_current":  6.99914E-05,
                   "estimate_last24h":  "0.00005648",
                   "actual_last24h":  7.91403E-05,
                   "mbtc_mh_factor":  1,
                   "hashrate_last24h":  6622234284.5521,
                   "estimate_old":  6.99914E-05
               },
    "neoscrypt":  {
                      "name":  "neoscrypt",
                      "port":  4233,
                      "coins":  23,
                      "fees":  0.25,
                      "hashrate":  260019297,
                      "workers":  89,
                      "estimate_current":  0.0001305238465169,
                      "estimate_last24h":  "0.00010594",
                      "actual_last24h":  0.00011454414964048191,
                      "mbtc_mh_factor":  1,
                      "hashrate_last24h":  631840760.6354,
                      "estimate_old":  0.000131028
                  },
    "phi":  {
                "name":  "phi",
                "port":  8334,
                "coins":  2,
                "fees":  0.25,
                "hashrate":  402831740,
                "workers":  3,
                "estimate_current":  6.034753164557E-06,
                "estimate_last24h":  "0.00000395",
                "actual_last24h":  5.2102857142857139E-06,
                "mbtc_mh_factor":  1,
                "hashrate_last24h":  562655528.625,
                "estimate_old":  4.9532E-06
            },
    "phi2":  {
                 "name":  "phi2",
                 "port":  8332,
                 "coins":  1,
                 "fees":  0.25,
                 "hashrate":  0,
                 "workers":  0,
                 "estimate_current":  0,
                 "estimate_last24h":  "0.00000000",
                 "actual_last24h":  0,
                 "mbtc_mh_factor":  1,
                 "hashrate_last24h":  0,
                 "estimate_old":  0
             },
    "quark":  {
                  "name":  "quark",
                  "port":  4033,
                  "coins":  1,
                  "fees":  0.25,
                  "hashrate":  0,
                  "workers":  0,
                  "estimate_current":  1.22E-07,
                  "estimate_last24h":  "0.00000010",
                  "actual_last24h":  0,
                  "mbtc_mh_factor":  1,
                  "hashrate_last24h":  122167.9583,
                  "estimate_old":  1.22E-07
              },
    "scrypt":  {
                   "name":  "scrypt",
                   "port":  3433,
                   "coins":  74,
                   "fees":  0.25,
                   "hashrate":  192194077223,
                   "workers":  358,
                   "estimate_current":  1.3298E-06,
                   "estimate_last24h":  "0.00000077",
                   "actual_last24h":  8.4537142857142854E-07,
                   "mbtc_mh_factor":  1,
                   "hashrate_last24h":  166468569927.85,
                   "estimate_old":  1.3298E-06
               },
    "sha256":  {
                   "name":  "sha256",
                   "port":  3333,
                   "coins":  13,
                   "fees":  0.25,
                   "hashrate":  806877047848070,
                   "workers":  65,
                   "estimate_current":  8.375E-08,
                   "estimate_last24h":  "0.00000004",
                   "actual_last24h":  6.6333333333333332E-08,
                   "mbtc_mh_factor":  1000,
                   "hashrate_last24h":  754793534189460,
                   "estimate_old":  6.1E-08
               },
    "skein":  {
                  "name":  "skein",
                  "port":  4933,
                  "coins":  8,
                  "fees":  0.25,
                  "hashrate":  6721006717,
                  "workers":  13,
                  "estimate_current":  8.6239772727273E-06,
                  "estimate_last24h":  "0.00000022",
                  "actual_last24h":  5.5501413043478014E-06,
                  "mbtc_mh_factor":  1000,
                  "hashrate_last24h":  4681538786.2604,
                  "estimate_old":  1.83E-07
              },
    "skunk":  {
                  "name":  "skunk",
                  "port":  8433,
                  "coins":  1,
                  "fees":  0.25,
                  "hashrate":  559548797,
                  "workers":  4,
                  "estimate_current":  2.8668987341772E-07,
                  "estimate_last24h":  "0.00000079",
                  "actual_last24h":  1.3191139240506491E-07,
                  "mbtc_mh_factor":  1,
                  "hashrate_last24h":  551658885.2604,
                  "estimate_old":  2.196E-07
              },
    "tribus":  {
                   "name":  "tribus",
                   "port":  8533,
                   "coins":  3,
                   "fees":  0.25,
                   "hashrate":  848119289,
                   "workers":  2,
                   "estimate_current":  1.7204444444444E-06,
                   "estimate_last24h":  "0.00000108",
                   "actual_last24h":  1.4557669732482855E-06,
                   "mbtc_mh_factor":  1,
                   "hashrate_last24h":  1479763369.4479,
                   "estimate_old":  1.3664E-06
               },
    "x11":  {
                "name":  "x11",
                "port":  3533,
                "coins":  29,
                "fees":  0.25,
                "hashrate":  249313176747,
                "workers":  125,
                "estimate_current":  2.80722E-05,