{
    "bitcore":  {
                    "name":  "bitcore",
                    "port":  3556,
                    "coins":  1,
                    "fees":  1,
                    "hashrate":  1126884454,
                    "workers":  28,
                    "estimate_current":  "0.00000992",
                    "estimate_last24h":  "0.00001113",
                    "actual_last24h":  0.0098850000000000014,
                    "hashrate_last24h":  2832437076.4896
                },
    "blake2s":  {
                    "name":  "blake2s",
                    "port":  5766,
                    "coins":  4,
                    "fees":  1,
                    "hashrate":  4280442747397,
                    "workers":  468,
                    "estimate_current":  "0.00000959",
                    "estimate_last24h":  "0.00001633",
                    "actual_last24h":  0.010511666666666667,
                    "hashrate_last24h":  2686873510597.2
                },
    "blakecoin":  {
                      "name":  "blakecoin",
                      "port":  5743,
                      "coins":  3,
                      "fees":  1,
                      "hashrate":  320892,
                      "workers":  1,
                      "estimate_current":  "0.00000458",
                      "estimate_last24h":  "0.00000369",
                      "actual_last24h":  0.00476005,
                      "hashrate_last24h":  549755813.8854
                  },
    "c11":  {
                "name":  "c11",
                "port":  3573,
                "coins":  2,
                "fees":  1,
                "hashrate":  107869421,
                "workers":  5,
                "estimate_current":  "0.00000544",
                "estimate_last24h":  "0.00000718",
                "actual_last24h":  0.00442,
                "hashrate_last24h":  798739611.1979
            },
    "groestl":  {
                    "name":  "groestl",
                    "port":  5333,
                    "coins":  1,
                    "fees":  1,
                    "hashrate":  142020237,
                    "workers":  14,
                    "estimate_current":  "0.00000217",
                    "estimate_last24h":  "0.00000240",
                    "actual_last24h":  0.0026749999999999994,
                    "hashrate_last24h":  307588811.8646
                },
    "hmq1725":  {
                    "name":  "hmq1725",
                    "port":  3747,
                    "coins":  1,
                    "fees":  1,
                    "hashrate":  1126965935,
                    "workers":  44,
                    "estimate_current":  "0.00004149",
                    "estimate_last24h":  "0.00002833",
                    "actual_last24h":  0.03991,
                    "hashrate_last24h":  470624917.0417
                },
    "hsr":  {
                "name":  "hsr",
                "port":  7433,
                "coins":  1,
                "fees":  1,
                "hashrate":  542924182,
                "workers":  15,
                "estimate_current":  "0.00000950",
                "estimate_last24h":  "0.00001010",
                "actual_last24h":  0.009389999999999999,
                "hashrate_last24h":  882868743.3333
            },
    "keccak":  {
                   "name":  "keccak",
                   "port":  5133,
                   "coins":  1,
                   "fees":  1,
                   "hashrate":  3665039,
                   "workers":  7,
                   "estimate_current":  "0.00000006",
                   "estimate_last24h":  "0.00000008",
                   "actual_last24h":  5.1111111111111115E-05,
                   "hashrate_last24h":  572480963.0625
               },
    "lbry":  {
                 "name":  "lbry",
                 "port":  3334,
                 "coins":  1,
                 "fees":  1,
                 "hashrate":  148453196561,
                 "workers":  18,
                 "estimate_current":  "0.00000006",
                 "estimate_last24h":  "0.00000005",
                 "actual_last24h":  5.9999999999999995E-05,
                 "hashrate_last24h":  126219012322.94
             },
    "lyra2v2":  {
                    "name":  "lyra2v2",
                    "port":  4533,
                    "coins":  6,
                    "fees":  1,
                    "hashrate":  339931430816,
                    "workers":  523,
                    "estimate_current":  "0.00000252",
                    "estimate_last24h":  "0.00000409",
                    "actual_last24h":  0.0034088888888888884,
                    "hashrate_last24h":  243080759931.45
                },
    "m7m":  {
                "name":  "m7m",
                "port":  6033,
                "coins":  1,
                "fees":  1,
                "hashrate":  868790,
                "workers":  18,
                "estimate_current":  "0.00019053",
                "estimate_last24h":  "0.00009706",
                "actual_last24h":  0.14925111111111114,
                "hashrate_last24h":  999073.6667
            },
    "myr-gr":  {
                   "name":  "myr-gr",
                   "port":  5433,
                   "coins":  5,
                   "fees":  1,
                   "hashrate":  38365625732,
                   "workers":  6,
                   "estimate_current":  "0.00000016",
                   "estimate_last24h":  "0.00000015",
                   "actual_last24h":  0.00017111111111111108,
                   "hashrate_last24h":  63077271734.073
               },
    "neoscrypt":  {
                      "name":  "neoscrypt",
                      "port":  4233,
                      "coins":  11,
                      "fees":  1,
                      "hashrate":  1754277311,
                      "workers":  829,
                      "estimate_current":  "0.00016588",
                      "estimate_last24h":  "0.00017733",
                      "actual_last24h":  0.1625766666666667,
                      "hashrate_last24h":  5201010966.8438
                  },
    "nist5":  {
                  "name":  "nist5",
                  "port":  3833,
                  "coins":  3,
                  "fees":  1,
                  "hashrate":  12161478213,
                  "workers":  65,
                  "estimate_current":  "0.00000308",
                  "estimate_last24h":  "0.00000273",
                  "actual_last24h":  0.0025322222222222222,
                  "hashrate_last24h":  58574743214.302
              },
    "phi":  {
                "name":  "phi",
                "port":  8333,
                "coins":  1,
                "fees":  1,
                "hashrate":  82598890556,
                "workers":  1004,
                "estimate_current":  "0.00000859",
                "estimate_last24h":  "0.00001005",
                "actual_last24h":  0.011260000000000001,
                "hashrate_last24h":  83419312536.792
            },
    "qubit":  {
                  "name":  "qubit",
                  "port":  4733,
                  "coins":  2,
                  "fees":  1,
                  "hashrate":  11464241,
                  "workers":  2,
                  "estimate_current":  "0.00013739",
                  "estimate_last24h":  "0.00019908",
                  "actual_last24h":  0.12646942,
                  "hashrate_last24h":  5457507817.0104
              },
    "scrypt":  {
                   "name":  "scrypt",
                   "port":  3433,
                   "coins":  13,
                   "fees":  1,
                   "hashrate":  88289977666,
                   "workers":  214,
                   "estimate_current":  "0.00160890",
                   "estimate_last24h":  "0.00185905",