{
    "bitcore":  {
                    "name":  "bitcore",
                    "port":  3556,
                    "coins":  1,
                    "fees":  1,
                    "hashrate":  402524155,
                    "workers":  9,
                    "estimate_current":  "0.00000802",
                    "estimate_last24h":  "0.00000853",
                    "actual_last24h":  0.00808,
                    "hashrate_last24h":  424844488.9583
                },
    "blake2s":  {
                    "name":  "blake2s",
                    "port":  5766,
                    "coins":  4,
                    "fees":  1,
                    "hashrate":  1674570869258,
                    "workers":  228,
                    "estimate_current":  "0.00003908",
                    "estimate_last24h":  "0.00002995",
                    "actual_last24h":  0.034335000000000004,
                    "hashrate_last24h":  2928930079192.5
                },
    "blakecoin":  {
                      "name":  "blakecoin",
                      "port":  5743,
                      "coins":  3,
                      "fees":  1,
                      "hashrate":  178531368041,
                      "workers":  8,
                      "estimate_current":  "0.00000243",
                      "estimate_last24h":  "0.00000260",
                      "actual_last24h":  0.003108,
                      "hashrate_last24h":  48036746757.854
                  },
    "c11":  {
                "name":  "c11",
                "port":  3573,
                "coins":  8,
                "fees":  1,
                "hashrate":  7145388885,
                "workers":  107,
                "estimate_current":  "0.00000694",
                "estimate_last24h":  "0.00001036",
                "actual_last24h":  0.0094826666666666653,
                "hashrate_last24h":  9199367315.7604
            },
    "groestl":  {
                    "name":  "groestl",
                    "port":  5333,
                    "coins":  1,
                    "fees":  1,
                    "hashrate":  630844782,
                    "workers":  8,
                    "estimate_current":  "0.00000056",
                    "estimate_last24h":  "0.00000052",
                    "actual_last24h":  0.00069000000000000018,
                    "hashrate_last24h":  392440665.2708
                },
    "hmq1725":  {
                    "name":  "hmq1725",
                    "port":  3747,
                    "coins":  2,
                    "fees":  1,
                    "hashrate":  166033337,
                    "workers":  20,
                    "estimate_current":  "0.00002753",
                    "estimate_last24h":  "0.00001687",
                    "actual_last24h":  0.02744,
                    "hashrate_last24h":  2550656057.4479
                },
    "hsr":  {
                "name":  "hsr",
                "port":  7433,
                "coins":  1,
                "fees":  1,
                "hashrate":  15393163,
                "workers":  3,
                "estimate_current":  "0.00000603",
                "estimate_last24h":  "0.00001082",
                "actual_last24h":  0.0081346666666666668,
                "hashrate_last24h":  1136677869.5417
            },
    "keccak":  {
                   "name":  "keccak",
                   "port":  5133,
                   "coins":  2,
                   "fees":  1,
                   "hashrate":  6180171608,
                   "workers":  14,
                   "estimate_current":  "0.00000020",
                   "estimate_last24h":  "0.00000017",
                   "actual_last24h":  0.00016599999999999997,
                   "hashrate_last24h":  21877055395.062
               },
    "lbry":  {
                 "name":  "lbry",
                 "port":  3334,
                 "coins":  1,
                 "fees":  1,
                 "hashrate":  46786395930,
                 "workers":  18,
                 "estimate_current":  "0.00000004",
                 "estimate_last24h":  "0.00000004",
                 "actual_last24h":  4E-05,
                 "hashrate_last24h":  54616537598.958
             },
    "lyra2v2":  {
                    "name":  "lyra2v2",
                    "port":  4533,
                    "coins":  8,
                    "fees":  1,
                    "hashrate":  133630404095,
                    "workers":  376,
                    "estimate_current":  "0.00000316",
                    "estimate_last24h":  "0.00000449",
                    "actual_last24h":  0.004088500000000001,
                    "hashrate_last24h":  194002981001.19
                },
    "m7m":  {
                "name":  "m7m",
                "port":  6033,
                "coins":  1,
                "fees":  1,
                "hashrate":  19747082,
                "workers":  203,
                "estimate_current":  "0.00004003",
                "estimate_last24h":  "0.00147655",
                "actual_last24h":  2.244262,
                "hashrate_last24h":  11947978.8646
            },
    "myr-gr":  {
                   "name":  "myr-gr",
                   "port":  5433,
                   "coins":  7,
                   "fees":  1,
                   "hashrate":  2916020,
                   "workers":  1,
                   "estimate_current":  "0.00000012",
                   "estimate_last24h":  "0.00000017",
                   "actual_last24h":  0.00014466666666666667,
                   "hashrate_last24h":  12160659687.156
               },
    "neoscrypt":  {
                      "name":  "neoscrypt",
                      "port":  4233,
                      "coins":  14,
                      "fees":  1,
                      "hashrate":  5916937309,
                      "workers":  254,
                      "estimate_current":  "0.00011768",
                      "estimate_last24h":  "0.00013987",
                      "actual_last24h":  0.14196233333333333,
                      "hashrate_last24h":  1499537352.0313
                  },
    "nist5":  {
                  "name":  "nist5",
                  "port":  3833,
                  "coins":  3,
                  "fees":  1,
                  "hashrate":  20623847465,
                  "workers":  12,
                  "estimate_current":  "0.00000016",
                  "estimate_last24h":  "0.00000022",
                  "actual_last24h":  0.00024000000000000003,
                  "hashrate_last24h":  30405978239.604
              },
    "phi":  {
                "name":  "phi",
                "port":  8333,
                "coins":  2,
                "fees":  1,
                "hashrate":  29278352710,
                "workers":  269,
                "estimate_current":  "0.00001327",
                "estimate_last24h":  "0.00000894",
                "actual_last24h":  0.008545,
                "hashrate_last24h":  34159142550.375
            },
    "quark":  {
                  "name":  "quark",
                  "port":  4033,
                  "coins":  3,
                  "fees":  1,
                  "hashrate":  1450548,
                  "workers":  4,
                  "estimate_current":  "0.00012913",
                  "estimate_last24h":  "0.00013097",
                  "actual_last24h":  0.19659678,
                  "hashrate_last24h":  20797873.3021
              },
    "qubit":  {
                  "name":  "qubit",
                  "port":  4733,
                  "coins":  2,
                  "fees":  1,
                  "hashrate":  7388718,
                  "workers":  2,
                  "estimate_current":  "0.00017316",
                  "estimate_last24h":  "0.00019164",