{
    "bitcore":  {
                    "name":  "bitcore",
                    "port":  3556,
                    "coins":  1,
                    "fees":  1,
                    "hashrate":  1352628074,
                    "workers":  36,
                    "estimate_current":  "0.00001777",
                    "estimate_last24h":  "0.00001696",
                    "actual_last24h":  0.01777,
                    "hashrate_last24h":  2950384682.7917
                },
    "blake2s":  {
                    "name":  "blake2s",
                    "port":  5766,
                    "coins":  4,
                    "fees":  1,
                    "hashrate":  6903419859871,
                    "workers":  566,
                    "estimate_current":  "0.00011532",
                    "estimate_last24h":  "0.00005970",
                    "actual_last24h":  0.11532,
                    "hashrate_last24h":  7228539852606.4
                },
    "blakecoin":  {
                      "name":  "blakecoin",
                      "port":  5743,
                      "coins":  3,
                      "fees":  1,
                      "hashrate":  2,
                      "workers":  1,
                      "estimate_current":  "0.00000352",
                      "estimate_last24h":  "0.00000525",
                      "actual_last24h":  0,
                      "hashrate_last24h":  1716459818.9063
                  },
    "c11":  {
                "name":  "c11",
                "port":  3573,
                "coins":  2,
                "fees":  1,
                "hashrate":  100744585,
                "workers":  1,
                "estimate_current":  "0.00000733",
                "estimate_last24h":  "0.00000817",
                "actual_last24h":  0.00733,
                "hashrate_last24h":  155271657.6354
            },
    "groestl":  {
                    "name":  "groestl",
                    "port":  5333,
                    "coins":  1,
                    "fees":  1,
                    "hashrate":  145041578,
                    "workers":  29,
                    "estimate_current":  "0.00000229",
                    "estimate_last24h":  "0.00000350",
                    "actual_last24h":  0.00229,
                    "hashrate_last24h":  203984399.8125
                },
    "hmq1725":  {
                    "name":  "hmq1725",
                    "port":  3747,
                    "coins":  1,
                    "fees":  1,
                    "hashrate":  1083715472,
                    "workers":  87,
                    "estimate_current":  "0.00003879",
                    "estimate_last24h":  "0.00003926",
                    "actual_last24h":  0.03879,
                    "hashrate_last24h":  856607328.875
                },
    "hsr":  {
                "name":  "hsr",
                "port":  7433,
                "coins":  1,
                "fees":  1,
                "hashrate":  1131236203,
                "workers":  21,
                "estimate_current":  "0.00001986",
                "estimate_last24h":  "0.00002159",
                "actual_last24h":  0.01986,
                "hashrate_last24h":  6093295987.1563
            },
    "keccak":  {
                   "name":  "keccak",
                   "port":  5133,
                   "coins":  1,
                   "fees":  1,
                   "hashrate":  156680407,
                   "workers":  11,
                   "estimate_current":  "0.00000010",
                   "estimate_last24h":  "0.00000010",
                   "actual_last24h":  9.9999999999999991E-05,
                   "hashrate_last24h":  1524880475.6979
               },
    "lbry":  {
                 "name":  "lbry",
                 "port":  3334,
                 "coins":  1,
                 "fees":  1,
                 "hashrate":  6957503385,
                 "workers":  19,
                 "estimate_current":  "0.00000007",
                 "estimate_last24h":  "0.00000008",
                 "actual_last24h":  0,
                 "hashrate_last24h":  2746701968.1458
             },
    "lyra2v2":  {
                    "name":  "lyra2v2",
                    "port":  4533,
                    "coins":  6,
                    "fees":  1,
                    "hashrate":  45251545691,
                    "workers":  370,
                    "estimate_current":  "0.00000882",
                    "estimate_last24h":  "0.00000707",
                    "actual_last24h":  0.00882,
                    "hashrate_last24h":  92241309885.906
                },
    "m7m":  {
                "name":  "m7m",
                "port":  6033,
                "coins":  1,
                "fees":  1,
                "hashrate":  1344673,
                "workers":  31,
                "estimate_current":  "0.00011873",
                "estimate_last24h":  "0.00007425",
                "actual_last24h":  0.11873,
                "hashrate_last24h":  1663373.8438
            },
    "myr-gr":  {
                   "name":  "myr-gr",
                   "port":  5433,
                   "coins":  6,
                   "fees":  1,
                   "hashrate":  256552713,
                   "workers":  4,
                   "estimate_current":  "0.00000015",
                   "estimate_last24h":  "0.00000028",
                   "actual_last24h":  0.00015,
                   "hashrate_last24h":  9386838629.5833
               },
    "neoscrypt":  {
                      "name":  "neoscrypt",
                      "port":  4233,
                      "coins":  10,
                      "fees":  1,
                      "hashrate":  10139242544,
                      "workers":  986,
                      "estimate_current":  "0.00026233",
                      "estimate_last24h":  "0.00027085",
                      "actual_last24h":  0.26233,
                      "hashrate_last24h":  5436973044.0313
                  },
    "nist5":  {
                  "name":  "nist5",
                  "port":  3833,
                  "coins":  3,
                  "fees":  1,
                  "hashrate":  665717640,
                  "workers":  16,
                  "estimate_current":  "0.00000031",
                  "estimate_last24h":  "0.00000105",
                  "actual_last24h":  0.00031,
                  "hashrate_last24h":  4205004643.7708
              },
    "phi":  {
                "name":  "phi",
                "port":  8333,
                "coins":  1,
                "fees":  1,
                "hashrate":  89886013821,
                "workers":  906,
                "estimate_current":  "0.00002620",
                "estimate_last24h":  "0.00001460",
                "actual_last24h":  0.0262,
                "hashrate_last24h":  72870747635.646
            },
    "qubit":  {
                  "name":  "qubit",
                  "port":  4733,
                  "coins":  2,
                  "fees":  1,
                  "hashrate":  16587760182,
                  "workers":  3,
                  "estimate_current":  "0.00000036",
                  "estimate_last24h":  "0.00000029",
                  "actual_last24h":  0.00035999999999999997,
                  "hashrate_last24h":  3947012181.2604
              },
    "scrypt":  {
                   "name":  "scrypt",
                   "port":  3433,
                   "coins":  10,
                   "fees":  1,
                   "hashrate":  57524239182,
                   "workers":  197,
                   "estimate_current":  "0.00000265",
                   "estimate_last24h":  "0.00000257",
                   "actual_last24h":  0.00265,
                   "hashrate_last24h":  91695865887.854
               },