{
    "bitcore": {
        "name": "bitcore",
        "port": 3556,
        "coins": 1,
        "fees": 1,
        "hashrate": 5068060882,
        "workers": 84,
        "estimate_current": "0.00000957",
        "estimate_last24h": "0.00000867",
        "actual_last24h": 0.00959003,
        "hashrate_last24h": 705517796.0521
    },
    "blake2s": {
        "name": "blake2s",
        "port": 5766,
        "coins": 4,
        "fees": 1,
        "hashrate": 4168204600434,
        "workers": 328,
        "estimate_current": "0.00001336",
        "estimate_last24h": "0.00001597",
        "actual_last24h": 0.015130666666666666,
        "hashrate_last24h": 3000276472459.1
    },
    "blakecoin": {
        "name": "blakecoin",
        "port": 5743,
        "coins": 3,
        "fees": 1,
        "hashrate": 497671,
        "workers": 1,
        "estimate_current": "0.00000223",
        "estimate_last24h": "0.00000191",
        "actual_last24h": 0.0015999599999999999,
        "hashrate_last24h": 1299256240.1563
    },
    "c11": {
        "name": "c11",
        "port": 3573,
        "coins": 2,
        "fees": 1,
        "hashrate": 30317201,
        "workers": 6,
        "estimate_current": "0.00000494",
        "estimate_last24h": "0.00000433",
        "actual_last24h": 0.005115,
        "hashrate_last24h": 102069496.875
    },
    "groestl": {
        "name": "groestl",
        "port": 5333,
        "coins": 1,
        "fees": 1,
        "hashrate": 354019801,
        "workers": 11,
        "estimate_current": "0.00000213",
        "estimate_last24h": "0.00000211",
        "actual_last24h": 0.002413,
        "hashrate_last24h": 877732627.1979
    },
    "hmq1725": {
        "name": "hmq1725",
        "port": 3747,
        "coins": 1,
        "fees": 1,
        "hashrate": 517825410,
        "workers": 65,
        "estimate_current": "0.00003070",
        "estimate_last24h": "0.00002430",
        "actual_last24h": 0.021832999999999998,
        "hashrate_last24h": 600215697.0833
    },
    "hsr": {
        "name": "hsr",
        "port": 7433,
        "coins": 1,
        "fees": 1,
        "hashrate": 7075899750,
        "workers": 255,
        "estimate_current": "0.00001471",
        "estimate_last24h": "0.00001075",
        "actual_last24h": 0.010496499999999999,
        "hashrate_last24h": 1992588420.3438
    },
    "keccak": {
        "name": "keccak",
        "port": 5133,
        "coins": 1,
        "fees": 1,
        "hashrate": 1696026,
        "workers": 2,
        "estimate_current": "0.00000007",
        "estimate_last24h": "0.00000007",
        "actual_last24h": 7.0000000000000007E-05,
        "hashrate_last24h": 551881822.7604
    },
    "lbry": {
        "name": "lbry",
        "port": 3334,
        "coins": 1,
        "fees": 1,
        "hashrate": 22084034649,
        "workers": 11,
        "estimate_current": "0.00000004",
        "estimate_last24h": "0.00000004",
        "actual_last24h": 4E-05,
        "hashrate_last24h": 88635988117.406
    },
    "lyra2v2": {
        "name": "lyra2v2",
        "port": 4533,
        "coins": 6,
        "fees": 1,
        "hashrate": 57318687214,
        "workers": 951,
        "estimate_current": "0.00000444",
        "estimate_last24h": "0.00000387",
        "actual_last24h": 0.0030180000000000003,
        "hashrate_last24h": 107431224703.17
    },
    "m7m": {
        "name": "m7m",
        "port": 6033,
        "coins": 1,
        "fees": 1,
        "hashrate": 1418590,
        "workers": 37,
        "estimate_current": "0.00002832",
        "estimate_last24h": "0.00009740",
        "actual_last24h": 0.047549999999999995,
        "hashrate_last24h": 1385675.8646
    },
    "myr-gr": {
        "name": "myr-gr",
        "port": 5433,
        "coins": 6,
        "fees": 1,
        "hashrate": 9857488247,
        "workers": 2,
        "estimate_current": "0.00000012",
        "estimate_last24h": "0.00000011",
        "actual_last24h": 0.00011999999999999999,
        "hashrate_last24h": 1828548920.8854
    },
    "neoscrypt": {
        "name": "neoscrypt",
        "port": 4233,
        "coins": 11,
        "fees": 1,
        "hashrate": 3823229968,
        "workers": 586,
        "estimate_current": "0.00013549",
        "estimate_last24h": "0.00014448",
        "actual_last24h": 0.132946,
        "hashrate_last24h": 6541548887.3229
    },
    "nist5": {
        "name": "nist5",
        "port": 3833,
        "coins": 2,
        "fees": 1,
        "hashrate": 1586287416,
        "workers": 19,
        "estimate_current": "0.00000056",
        "estimate_last24h": "0.00000046",
        "actual_last24h": 0.00056000000000000006,
        "hashrate_last24h": 7514778063.0729
    },
    "phi": {
        "name": "phi",
        "port": 8333,
        "coins": 1,
        "fees": 1,
        "hashrate": 138119653791,
        "workers": 756,
        "estimate_current": "0.00000539",
        "estimate_last24h": "0.00000877",
        "actual_last24h": 0.00722,
        "hashrate_last24h": 89801450075.927
    },
    "qubit": {
        "name": "qubit",
        "port": 4733,
        "coins": 2,
        "fees": 1,
        "hashrate": 37642733487,
        "workers": 4,
        "estimate_current": "0.00011617",
        "estimate_last24h": "0.00019332",
        "actual_last24h": 0.16890999999999998,
        "hashrate_last24h": 8031455069.6354
    },
    "scrypt": {
        "name": "scrypt",
        "port": 3433,
        "coins": 13,
        "fees": 1,
        "hashrate": 90034228017,
        "workers": 209,
        "estimate_current": "0.00167755",
        "estimate_last24h": "0.00180556",
        "actual_last24h": 1.7602150000000003,
        "hashrate_last24h": 104682180267.3
    },
    "sib": {
        "name": "sib",
        "port": 5033,
        "coins": 1,
        "fees": 1,
        "hashrate": 10555312,
        "workers": 3,
        "estimate_current": "0.00000097",
        "estimate_last24h": "0.00000277",
        "actual_last24h": 0.00506998,
        "hashrate_last24h": 119351987.1875
    },
    "skein": {
        "name": "skein",
        "port": 4933,
        "coins": 4,
        "fees": 1,
        "hashrate": 368470389122,
        "workers": 155,
        "estimate_current": "0.00000016",
        "estimate_last24h": "0.00000027",
        "actual_last24h": 0.00021666666666666668,
        "hashrate_last24h": 856385051725.88
    },
    "skunk": {
        "name": "skunk",
        "port": 8433,
        "coins": 1,
        "fees": 1,
        "hashrate": 1133699109,
        "workers": 10,
        "estimate_current": "0.00000254",
        "estimate_last24h": "0.00000268",
        "actual_last24h": 0.0027209999999999995,
        "hashrate_last24h": 645291462.8958
    },
    "timetravel": {
        "name": "timetravel",
        "port": 3555,
        "coins": 1,
        "fees": 1,
        "hashrate": 3430819150,
        "workers": 33,
        "estimate_current": "0.00000260",
        "estimate_last24h": "0.00000458",
        "actual_last24h": 0.003738,
        "hashrate_last24h": 5630471006.3333
    },
    "tribus": {
        "name": "tribus",
        "port": 8533,
        "coins": 1,
        "fees": 1,
        "hashrate": 86285655665,
        "workers": 346,
        "estimate_current": "0.00000242",
        "estimate_last24h": "0.00000243",
        "actual_last24h": 0.0017740000000000002,
        "hashrate_last24h": 68422180703.219
    },
    "x11": {
        "name": "x11",
        "port": 3533,
        "coins": 7,
        "fees": 1,
        "hashrate": 643743,
        "workers": 3,
        "estimate_current": "0.00002049",
        "estimate_last24h": "0.00002100",
        "actual_last24h": 0.018979999999999997,
        "hashrate_last24h": 17383889674.927
    },