{
    "bitcore":  {
                    "name":  "bitcore",
                    "port":  3556,
                    "coins":  1,
                    "fees":  1,
                    "hashrate":  2355474143,
                    "workers":  57,
                    "estimate_current":  "0.00001766",
                    "estimate_last24h":  "0.00001692",
                    "actual_last24h":  0.017669999999999998,
                    "hashrate_last24h":  2991378063.1146
                },
    "blake2s":  {
                    "name":  "blake2s",
                    "port":  5766,
                    "coins":  4,
                    "fees":  1,
                    "hashrate":  6190037892131,
                    "workers":  434,
                    "estimate_current":  "0.00008383",
                    "estimate_last24h":  "0.00005847",
                    "actual_last24h":  0.06917,
                    "hashrate_last24h":  7158499199338.8
                },
    "blakecoin":  {
                      "name":  "blakecoin",
                      "port":  5743,
                      "coins":  3,
                      "fees":  1,
                      "hashrate":  2,
                      "workers":  1,
                      "estimate_current":  "0.00000355",
                      "estimate_last24h":  "0.00000537",
                      "actual_last24h":  0,
                      "hashrate_last24h":  1716459818.9063
                  },
    "c11":  {
                "name":  "c11",
                "port":  3573,
                "coins":  2,
                "fees":  1,
                "hashrate":  126341216,
                "workers":  1,
                "estimate_current":  "0.00000931",
                "estimate_last24h":  "0.00000821",
                "actual_last24h":  0.00957,
                "hashrate_last24h":  156995142.1146
            },
    "groestl":  {
                    "name":  "groestl",
                    "port":  5333,
                    "coins":  1,
                    "fees":  1,
                    "hashrate":  54288343,
                    "workers":  33,
                    "estimate_current":  "0.00000320",
                    "estimate_last24h":  "0.00000352",
                    "actual_last24h":  0.00295,
                    "hashrate_last24h":  201342140.9792
                },
    "hmq1725":  {
                    "name":  "hmq1725",
                    "port":  3747,
                    "coins":  1,
                    "fees":  1,
                    "hashrate":  983878013,
                    "workers":  99,
                    "estimate_current":  "0.00005876",
                    "estimate_last24h":  "0.00003896",
                    "actual_last24h":  0.04296,
                    "hashrate_last24h":  839190753.9271
                },
    "hsr":  {
                "name":  "hsr",
                "port":  7433,
                "coins":  1,
                "fees":  1,
                "hashrate":  2673660435,
                "workers":  31,
                "estimate_current":  "0.00001558",
                "estimate_last24h":  "0.00002169",
                "actual_last24h":  0.016838571428571428,
                "hashrate_last24h":  6148616693.0313
            },
    "keccak":  {
                   "name":  "keccak",
                   "port":  5133,
                   "coins":  1,
                   "fees":  1,
                   "hashrate":  84295891,
                   "workers":  14,
                   "estimate_current":  "0.00000008",
                   "estimate_last24h":  "0.00000010",
                   "actual_last24h":  9.9999999999999991E-05,
                   "hashrate_last24h":  1528330766.0938
               },
    "lbry":  {
                 "name":  "lbry",
                 "port":  3334,
                 "coins":  1,
                 "fees":  1,
                 "hashrate":  3805570038,
                 "workers":  23,
                 "estimate_current":  "0.00000007",
                 "estimate_last24h":  "0.00000008",
                 "actual_last24h":  0,
                 "hashrate_last24h":  2660752513.6667
             },
    "lyra2v2":  {
                    "name":  "lyra2v2",
                    "port":  4533,
                    "coins":  6,
                    "fees":  1,
                    "hashrate":  260329532818,
                    "workers":  764,
                    "estimate_current":  "0.00000579",
                    "estimate_last24h":  "0.00000699",
                    "actual_last24h":  0.00504,
                    "hashrate_last24h":  94108737807.875
                },
    "m7m":  {
                "name":  "m7m",
                "port":  6033,
                "coins":  1,
                "fees":  1,
                "hashrate":  1661963,
                "workers":  32,
                "estimate_current":  "0.00013103",
                "estimate_last24h":  "0.00007292",
                "actual_last24h":  0.13099999999999998,
                "hashrate_last24h":  1664638.75
            },
    "myr-gr":  {
                   "name":  "myr-gr",
                   "port":  5433,
                   "coins":  6,
                   "fees":  1,
                   "hashrate":  292880577,
                   "workers":  2,
                   "estimate_current":  "0.00000024",
                   "estimate_last24h":  "0.00000028",
                   "actual_last24h":  0.00021,
                   "hashrate_last24h":  9386144410.1458
               },
    "neoscrypt":  {
                      "name":  "neoscrypt",
                      "port":  4233,
                      "coins":  10,
                      "fees":  1,
                      "hashrate":  3566879096,
                      "workers":  970,
                      "estimate_current":  "0.00017338",
                      "estimate_last24h":  "0.00027111",
                      "actual_last24h":  0.28025857142857141,
                      "hashrate_last24h":  5323636953.3021
                  },
    "nist5":  {
                  "name":  "nist5",
                  "port":  3833,
                  "coins":  3,
                  "fees":  1,
                  "hashrate":  499236920,
                  "workers":  19,
                  "estimate_current":  "0.00000031",
                  "estimate_last24h":  "0.00000105",
                  "actual_last24h":  0.00031,
                  "hashrate_last24h":  4209362680.2813
              },
    "phi":  {
                "name":  "phi",
                "port":  8333,
                "coins":  1,
                "fees":  1,
                "hashrate":  98124727748,
                "workers":  1126,
                "estimate_current":  "0.00001972",
                "estimate_last24h":  "0.00001431",
                "actual_last24h":  0.018230000000000003,
                "hashrate_last24h":  72404429483.302
            },
    "qubit":  {
                  "name":  "qubit",
                  "port":  4733,
                  "coins":  2,
                  "fees":  1,
                  "hashrate":  12759011472,
                  "workers":  3,
                  "estimate_current":  "0.00000025",
                  "estimate_last24h":  "0.00000028",
                  "actual_last24h":  0.00011000000000000011,
                  "hashrate_last24h":  3555475479.7813
              },
    "scrypt":  {
                   "name":  "scrypt",
                   "port":  3433,
                   "coins":  10,
                   "fees":  1,
                   "hashrate":  103271921625,
                   "workers":  194,
                   "estimate_current":  "0.00000266",
                   "estimate_last24h":  "0.00000259",
                   "actual_last24h":  0.0020185714285714286,