{
    "bitcore":  {
                    "name":  "bitcore",
                    "port":  3556,
                    "coins":  1,
                    "fees":  0.5,
                    "hashrate":  836315929,
                    "workers":  15,
                    "estimate_current":  "0.00000717",
                    "estimate_last24h":  "0.00000762",
                    "actual_last24h":  0.0070999999999999978,
                    "hashrate_last24h":  701946189.9792
                },
    "blake2s":  {
                    "name":  "blake2s",
                    "port":  5766,
                    "coins":  1,
                    "fees":  0.5,
                    "hashrate":  68356637899,
                    "workers":  17,
                    "estimate_current":  "0.00003488",
                    "estimate_last24h":  "0.00002588",
                    "actual_last24h":  0,
                    "hashrate_last24h":  69927317746.875
                },
    "c11":  {
                "name":  "c11",
                "port":  3573,
                "coins":  4,
                "fees":  0.5,
                "hashrate":  768133483,
                "workers":  12,
                "estimate_current":  "0.00000871",
                "estimate_last24h":  "0.00000851",
                "actual_last24h":  0.00674,
                "hashrate_last24h":  1640128667.5
            },
    "groestl":  {
                    "name":  "groestl",
                    "port":  5332,
                    "coins":  1,
                    "fees":  0.5,
                    "hashrate":  0,
                    "workers":  0,
                    "estimate_current":  "0.00000050",
                    "estimate_last24h":  "0.00000048",
                    "actual_last24h":  0.00044,
                    "hashrate_last24h":  0
                },
    "hmq1725":  {
                    "name":  "hmq1725",
                    "port":  3747,
                    "coins":  1,
                    "fees":  0.5,
                    "hashrate":  0,
                    "workers":  0,
                    "estimate_current":  "0.00002472",
                    "estimate_last24h":  "0.00001425",
                    "actual_last24h":  0,
                    "hashrate_last24h":  246084.1458
                },
    "keccakc":  {
                    "name":  "keccakc",
                    "port":  5134,
                    "coins":  1,
                    "fees":  0.5,
                    "hashrate":  572626,
                    "workers":  1,
                    "estimate_current":  "0.00008433",
                    "estimate_last24h":  "0.00012214",
                    "actual_last24h":  0,
                    "hashrate_last24h":  3536786832.1563
                },
    "lyra2v2":  {
                    "name":  "lyra2v2",
                    "port":  4533,
                    "coins":  3,
                    "fees":  0.5,
                    "hashrate":  77917261319,
                    "workers":  506,
                    "estimate_current":  "0.00000210",
                    "estimate_last24h":  "0.00000406",
                    "actual_last24h":  0.003725,
                    "hashrate_last24h":  80982532058.802
                },
    "lyra2z":  {
                   "name":  "lyra2z",
                   "port":  4553,
                   "coins":  1,
                   "fees":  0.5,
                   "hashrate":  12856076,
                   "workers":  13,
                   "estimate_current":  "0.00006155",
                   "estimate_last24h":  "0.00006674",
                   "actual_last24h":  0,
                   "hashrate_last24h":  7682727.5208
               },
    "neoscrypt":  {
                      "name":  "neoscrypt",
                      "port":  4233,
                      "coins":  16,
                      "fees":  0.5,
                      "hashrate":  1896127241,
                      "workers":  336,
                      "estimate_current":  "0.00010685",
                      "estimate_last24h":  "0.00013564",
                      "actual_last24h":  0.12479333333333331,
                      "hashrate_last24h":  1408153368.1771
                  },
    "nist5":  {
                  "name":  "nist5",
                  "port":  3833,
                  "coins":  1,
                  "fees":  0.5,
                  "hashrate":  0,
                  "workers":  0,
                  "estimate_current":  "0.00000015",
                  "estimate_last24h":  "0.00000020",
                  "actual_last24h":  0,
                  "hashrate_last24h":  1524656.125
              },
    "phi":  {
                "name":  "phi",
                "port":  8333,
                "coins":  1,
                "fees":  0.5,
                "hashrate":  1067992294,
                "workers":  16,
                "estimate_current":  "0.00001091",
                "estimate_last24h":  "0.00000818",
                "actual_last24h":  0,
                "hashrate_last24h":  2629513210.6146
            },
    "tribus":  {
                   "name":  "tribus",
                   "port":  8533,
                   "coins":  3,
                   "fees":  0.5,
                   "hashrate":  172256822,
                   "workers":  33,
                   "estimate_current":  "0.00000455",
                   "estimate_last24h":  "0.00000247",
                   "actual_last24h":  0.001415,
                   "hashrate_last24h":  1714230559.0938
               },
    "x16r":  {
                 "name":  "x16r",
                 "port":  3636,
                 "coins":  1,
                 "fees":  0.5,
                 "hashrate":  226144356,
                 "workers":  6,
                 "estimate_current":  "0.00001509",
                 "estimate_last24h":  "0.00001587",
                 "actual_last24h":  0,
                 "hashrate_last24h":  255561277.5417
             },
    "x17":  {
                "name":  "x17",
                "port":  3737,
                "coins":  3,
                "fees":  0.5,
                "hashrate":  20308331609,
                "workers":  433,
                "estimate_current":  "0.00002535",
                "estimate_last24h":  "0.00001945",
                "actual_last24h":  0.025580000000000002,
                "hashrate_last24h":  18215862941.25
            },
    "xevan":  {
                  "name":  "xevan",
                  "port":  3739,
                  "coins":  1,
                  "fees":  0.5,
                  "hashrate":  288671735,
                  "workers":  16,
                  "estimate_current":  "0.00005110",
                  "estimate_last24h":  "0.00003348",
                  "actual_last24h":  0.036583333333333329,
                  "hashrate_last24h":  347120759.125
              },
    "yescryptR16":  {
                        "name":  "yescryptR16",
                        "port":  6333,
                        "coins":  1,
                        "fees":  0.5,
                        "hashrate":  29907,
                        "workers":  36,
                        "estimate_current":  "0.02795450",
                        "estimate_last24h":  "0.03667082",
                        "actual_last24h":  28.627150000000004,
                        "hashrate_last24h":  35928.9896
                    }
}
