{
    "bitcore":  {
                    "name":  "bitcore",
                    "port":  3556,
                    "coins":  1,
                    "fees":  0.5,
                    "hashrate":  33099815,
                    "workers":  7,
                    "estimate_current":  "0.00000741",
                    "estimate_last24h":  "0.00000767",
                    "actual_last24h":  0.00741,
                    "hashrate_last24h":  445516058.7604
                },
    "c11":  {
                "name":  "c11",
                "port":  3573,
                "coins":  3,
                "fees":  0.5,
                "hashrate":  59051104,
                "workers":  3,
                "estimate_current":  "0.00000470",
                "estimate_last24h":  "0.00000885",
                "actual_last24h":  0.0047,
                "hashrate_last24h":  1273014868.0521
            },
    "keccakc":  {
                    "name":  "keccakc",
                    "port":  5134,
                    "coins":  1,
                    "fees":  0.5,
                    "hashrate":  26668998048,
                    "workers":  15,
                    "estimate_current":  "0.00016474",
                    "estimate_last24h":  "0.00014965",
                    "actual_last24h":  0.16474,
                    "hashrate_last24h":  20808639326.125
                },
    "lyra2v2":  {
                    "name":  "lyra2v2",
                    "port":  4533,
                    "coins":  10,
                    "fees":  0.5,
                    "hashrate":  8373624679,
                    "workers":  91,
                    "estimate_current":  "0.00000195",
                    "estimate_last24h":  "0.00000286",
                    "actual_last24h":  0.00195,
                    "hashrate_last24h":  14827563612.25
                },
    "lyra2z":  {
                   "name":  "lyra2z",
                   "port":  4553,
                   "coins":  3,
                   "fees":  0.5,
                   "hashrate":  50985996,
                   "workers":  20,
                   "estimate_current":  "0.00007034",
                   "estimate_last24h":  "0.00006649",
                   "actual_last24h":  0.07034,
                   "hashrate_last24h":  72679158.6979
               },
    "neoscrypt":  {
                      "name":  "neoscrypt",
                      "port":  4233,
                      "coins":  24,
                      "fees":  0.5,
                      "hashrate":  1811603546,
                      "workers":  476,
                      "estimate_current":  "0.00011177",
                      "estimate_last24h":  "0.00013418",
                      "actual_last24h":  0.11177,
                      "hashrate_last24h":  2003494089.1979
                  },
    "phi":  {
                "name":  "phi",
                "port":  8333,
                "coins":  1,
                "fees":  0.5,
                "hashrate":  282677109,
                "workers":  5,
                "estimate_current":  "0.00000556",
                "estimate_last24h":  "0.00000742",
                "actual_last24h":  0,
                "hashrate_last24h":  447103270.3958
            },
    "skunk":  {
                  "name":  "skunk",
                  "port":  8433,
                  "coins":  1,
                  "fees":  0.5,
                  "hashrate":  0,
                  "workers":  0,
                  "estimate_current":  "0.00000405",
                  "estimate_last24h":  "0.00000318",
                  "actual_last24h":  0.00405,
                  "hashrate_last24h":  165637761.7292
              },
    "tribus":  {
                   "name":  "tribus",
                   "port":  8533,
                   "coins":  3,
                   "fees":  0.5,
                   "hashrate":  2407285418,
                   "workers":  14,
                   "estimate_current":  "0.00000229",
                   "estimate_last24h":  "0.00000277",
                   "actual_last24h":  0.00229,
                   "hashrate_last24h":  4585752081.9896
               },
    "x11":  {
                "name":  "x11",
                "port":  3533,
                "coins":  117,
                "fees":  0.5,
                "hashrate":  0,
                "workers":  0,
                "estimate_current":  "0.00000002",
                "estimate_last24h":  "0.00000002",
                "actual_last24h":  2E-05,
                "hashrate_last24h":  0
            },
    "x17":  {
                "name":  "x17",
                "port":  3737,
                "coins":  3,
                "fees":  0.5,
                "hashrate":  7878895082,
                "workers":  49,
                "estimate_current":  "0.00001148",
                "estimate_last24h":  "0.00001415",
                "actual_last24h":  0.01148,
                "hashrate_last24h":  4387610771.3854
            },
    "xevan":  {
                  "name":  "xevan",
                  "port":  3739,
                  "coins":  2,
                  "fees":  0.5,
                  "hashrate":  1028640348,
                  "workers":  186,
                  "estimate_current":  "0.00005311",
                  "estimate_last24h":  "0.00004591",
                  "actual_last24h":  0.05311,
                  "hashrate_last24h":  1309041120.5521
              }
}
