{
    "aergo":  {
                  "name":  "aergo",
                  "port":  3691,
                  "coins":  1,
                  "fees":  0.4,
                  "hashrate":  131648192,
                  "workers":  5,
                  "estimate_current":  "0.00002568",
                  "estimate_last24h":  "0.00002956",
                  "actual_last24h":  2.8023999999999998E-05,
                  "mbtc_mh_factor":  1,
                  "hashrate_last24h":  102749972.4688
              },
    "bitcore":  {
                    "name":  "bitcore",
                    "port":  3556,
                    "coins":  1,
                    "fees":  0.4,
                    "hashrate":  0,
                    "workers":  0,
                    "estimate_current":  "0.00000530",
                    "estimate_last24h":  "0.00000558",
                    "actual_last24h":  0,
                    "mbtc_mh_factor":  1,
                    "hashrate_last24h":  24819840.2604
                },
    "blake2s":  {
                    "name":  "blake2s",
                    "port":  5766,
                    "coins":  3,
                    "fees":  0.4,
                    "hashrate":  0,
                    "workers":  0,
                    "estimate_current":  "0.00000454",
                    "estimate_last24h":  "0.00000700",
                    "actual_last24h":  0,
                    "mbtc_mh_factor":  1000,
                    "hashrate_last24h":  61045801.8333
                },
    "c11":  {
                "name":  "c11",
                "port":  3573,
                "coins":  4,
                "fees":  0.4,
                "hashrate":  92945383,
                "workers":  2,
                "estimate_current":  "0.00000630",
                "estimate_last24h":  "0.00000519",
                "actual_last24h":  6.2599999999999994E-06,
                "mbtc_mh_factor":  1,
                "hashrate_last24h":  113321471.3229
            },
    "groestl":  {
                    "name":  "groestl",
                    "port":  3033,
                    "coins":  1,
                    "fees":  0.4,
                    "hashrate":  0,
                    "workers":  0,
                    "estimate_current":  "0.00000014",
                    "estimate_last24h":  "0.00000016",
                    "actual_last24h":  1.3E-07,
                    "mbtc_mh_factor":  1,
                    "hashrate_last24h":  0
                },
    "hmq1725":  {
                    "name":  "hmq1725",
                    "port":  3747,
                    "coins":  1,
                    "fees":  0.4,
                    "hashrate":  38318215,
                    "workers":  2,
                    "estimate_current":  "0.00002643",
                    "estimate_last24h":  "0.00003246",
                    "actual_last24h":  2.637E-05,
                    "mbtc_mh_factor":  1,
                    "hashrate_last24h":  24917192.8438
                },
    "keccak":  {
                   "name":  "keccak",
                   "port":  5133,
                   "coins":  2,
                   "fees":  0.4,
                   "hashrate":  6375334922,
                   "workers":  8,
                   "estimate_current":  "0.00013504",
                   "estimate_last24h":  "0.00014974",
                   "actual_last24h":  0.00013807999999999998,
                   "mbtc_mh_factor":  1000,
                   "hashrate_last24h":  12597331159.125
               },
    "keccakc":  {
                    "name":  "keccakc",
                    "port":  5134,
                    "coins":  1,
                    "fees":  0.4,
                    "hashrate":  2912102359,
                    "workers":  2,
                    "estimate_current":  "0.00021433",
                    "estimate_last24h":  "0.00008701",
                    "actual_last24h":  0.000126442,
                    "mbtc_mh_factor":  1000,
                    "hashrate_last24h":  2452917264.8021
                },
    "lyra2v2":  {
                    "name":  "lyra2v2",
                    "port":  4533,
                    "coins":  9,
                    "fees":  0.4,
                    "hashrate":  8445280159,
                    "workers":  59,
                    "estimate_current":  "0.00000356",
                    "estimate_last24h":  "0.00000318",
                    "actual_last24h":  3.774E-06,
                    "mbtc_mh_factor":  1,
                    "hashrate_last24h":  7244284001.1458
                },
    "lyra2z":  {
                   "name":  "lyra2z",
                   "port":  4553,
                   "coins":  10,
                   "fees":  0.4,
                   "hashrate":  19302550254,
                   "workers":  1224,
                   "estimate_current":  "0.00006277",
                   "estimate_last24h":  "0.00005909",
                   "actual_last24h":  6.2330000000000008E-05,
                   "mbtc_mh_factor":  1,
                   "hashrate_last24h":  11420136284.99
               },
    "neoscrypt":  {
                      "name":  "neoscrypt",
                      "port":  4233,
                      "coins":  29,
                      "fees":  0.4,
                      "hashrate":  393407577,
                      "workers":  74,
                      "estimate_current":  "0.00008465",
                      "estimate_last24h":  "0.00010540",
                      "actual_last24h":  9.6513333333333323E-05,
                      "mbtc_mh_factor":  1,
                      "hashrate_last24h":  501420375.9375
                  },
    "phi":  {
                "name":  "phi",
                "port":  8333,
                "coins":  2,
                "fees":  0.4,
                "hashrate":  0,
                "workers":  0,
                "estimate_current":  "0.00000414",
                "estimate_last24h":  "0.00000386",
                "actual_last24h":  3.6599999999999997E-06,
                "mbtc_mh_factor":  1,
                "hashrate_last24h":  9858954.2604
            },
    "phi2":  {
                 "name":  "phi2",
                 "port":  8332,
                 "coins":  1,
                 "fees":  0.4,
                 "hashrate":  0,
                 "workers":  0,
                 "estimate_current":  "0.00002520",
                 "estimate_last24h":  "0.00003023",
                 "actual_last24h":  0,
                 "mbtc_mh_factor":  1,
                 "hashrate_last24h":  4078424.7083
             },
    "skunk":  {
                  "name":  "skunk",
                  "port":  8433,
                  "coins":  1,
                  "fees":  0.4,
                  "hashrate":  0,
                  "workers":  0,
                  "estimate_current":  "0.00000018",
                  "estimate_last24h":  "0.00000077",
                  "actual_last24h":  0,
                  "mbtc_mh_factor":  1,
                  "hashrate_last24h":  2313555.7292
              },
    "tribus":  {
                   "name":  "tribus",
                   "port":  8533,
                   "coins":  4,
                   "fees":  0.4,
                   "hashrate":  270919665,
                   "workers":  1,
                   "estimate_current":  "0.00000120",
                   "estimate_last24h":  "0.00000123",
                   "actual_last24h":  8.7999999999999994E-07,
                   "mbtc_mh_factor":  1,
                   "hashrate_last24h":  144573867.6563
               },
    "x16r":  {
                 "name":  "x16r",
                 "port":  3636,
                 "coins":  5,
                 "fees":  0.4,
                 "hashrate":  18577223690,
                 "workers":  280,