{
    "bitcore": {
        "name": "bitcore",
        "port": 3556,
        "coins": 1,
        "fees": 0.5,
        "hashrate": 251627825,
        "workers": 5,
        "estimate_current": "0.00000961",
        "estimate_last24h": "0.00000872",
        "actual_last24h": 0.0095399999999999981,
        "hashrate_last24h": 244389585.7813
    },
    "blake2s": {
        "name": "blake2s",
        "port": 5766,
        "coins": 4,
        "fees": 0.5,
        "hashrate": 122148411768,
        "workers": 20,
        "estimate_current": "0.00001463",
        "estimate_last24h": "0.00001507",
        "actual_last24h": 0.015589999999999998,
        "hashrate_last24h": 147331503923
    },
    "c11": {
        "name": "c11",
        "port": 3573,
        "coins": 4,
        "fees": 0.5,
        "hashrate": 58211194887,
        "workers": 619,
        "estimate_current": "0.00000812",
        "estimate_last24h": "0.00001089",
        "actual_last24h": 0.011319333333333332,
        "hashrate_last24h": 50775813474.625
    },
    "groestl": {
        "name": "groestl",
        "port": 5333,
        "coins": 1,
        "fees": 0.5,
        "hashrate": 88648125,
        "workers": 2,
        "estimate_current": "0.00000206",
        "estimate_last24h": "0.00000210",
        "actual_last24h": 0.00231,
        "hashrate_last24h": 376408548.8646
    },
    "hmq1725": {
        "name": "hmq1725",
        "port": 3747,
        "coins": 2,
        "fees": 0.5,
        "hashrate": 0,
        "workers": 2,
        "estimate_current": "0.00001116",
        "estimate_last24h": "0.00000230",
        "actual_last24h": 0,
        "hashrate_last24h": 3733095.6042
    },
    "hsr": {
        "name": "hsr",
        "port": 7433,
        "coins": 1,
        "fees": 0.5,
        "hashrate": 522106761,
        "workers": 79,
        "estimate_current": "0.00001720",
        "estimate_last24h": "0.00001528",
        "actual_last24h": 0.012974333333333333,
        "hashrate_last24h": 3348893432.1354
    },
    "keccak": {
        "name": "keccak",
        "port": 5133,
        "coins": 1,
        "fees": 0.5,
        "hashrate": 3058932974,
        "workers": 3,
        "estimate_current": "0.00007249",
        "estimate_last24h": "0.00007551",
        "actual_last24h": 0.045700000000000025,
        "hashrate_last24h": 1279141476.625
    },
    "keccakc": {
        "name": "keccakc",
        "port": 5134,
        "coins": 1,
        "fees": 0.5,
        "hashrate": 28308759376,
        "workers": 10,
        "estimate_current": "0.00017314",
        "estimate_last24h": "0.00020578",
        "actual_last24h": 0.195452,
        "hashrate_last24h": 91261908464.604
    },
    "lyra2v2": {
        "name": "lyra2v2",
        "port": 4533,
        "coins": 10,
        "fees": 0.5,
        "hashrate": 6728553032,
        "workers": 67,
        "estimate_current": "0.00000426",
        "estimate_last24h": "0.00000345",
        "actual_last24h": 0.0029233333333333333,
        "hashrate_last24h": 13897353338.771
    },
    "lyra2z": {
        "name": "lyra2z",
        "port": 4553,
        "coins": 2,
        "fees": 0.5,
        "hashrate": 919651654,
        "workers": 118,
        "estimate_current": "0.00007912",
        "estimate_last24h": "0.00008750",
        "actual_last24h": 0.071432666666666658,
        "hashrate_last24h": 1298885091.3333
    },
    "m7m": {
        "name": "m7m",
        "port": 6033,
        "coins": 1,
        "fees": 0.5,
        "hashrate": 307702,
        "workers": 5,
        "estimate_current": "0.00003306",
        "estimate_last24h": "0.00009874",
        "actual_last24h": 0,
        "hashrate_last24h": 412541.9375
    },
    "myr-gr": {
        "name": "myr-gr",
        "port": 5433,
        "coins": 3,
        "fees": 0.5,
        "hashrate": 20049228029,
        "workers": 10,
        "estimate_current": "0.00000014",
        "estimate_last24h": "0.00000012",
        "actual_last24h": 0.0001545,
        "hashrate_last24h": 24727560516.812
    },
    "neoscrypt": {
        "name": "neoscrypt",
        "port": 4233,
        "coins": 21,
        "fees": 0.5,
        "hashrate": 4117969761,
        "workers": 669,
        "estimate_current": "0.00013239",
        "estimate_last24h": "0.00016443",
        "actual_last24h": 0.13008799999999998,
        "hashrate_last24h": 5506293784.2708
    },
    "nist5": {
        "name": "nist5",
        "port": 3833,
        "coins": 4,
        "fees": 0.5,
        "hashrate": 701341817,
        "workers": 14,
        "estimate_current": "0.00000207",
        "estimate_last24h": "0.00000188",
        "actual_last24h": 0.0012220000000000002,
        "hashrate_last24h": 2542171671.9896
    },
    "phi": {
        "name": "phi",
        "port": 8333,
        "coins": 2,
        "fees": 0.5,
        "hashrate": 31972068237,
        "workers": 371,
        "estimate_current": "0.00000561",
        "estimate_last24h": "0.00000952",
        "actual_last24h": 0.008981,
        "hashrate_last24h": 10872000295.771
    },
    "quark": {
        "name": "quark",
        "port": 4033,
        "coins": 3,
        "fees": 0.5,
        "hashrate": 14444357555,
        "workers": 28,
        "estimate_current": "0.00021075",
        "estimate_last24h": "0.00015743",
        "actual_last24h": 0.20439,
        "hashrate_last24h": 39323962357.25
    },
    "qubit": {
        "name": "qubit",
        "port": 4733,
        "coins": 4,
        "fees": 0.5,
        "hashrate": 212209761043,
        "workers": 33,
        "estimate_current": "0.00020673",
        "estimate_last24h": "0.00021080",
        "actual_last24h": 0.198714,
        "hashrate_last24h": 434459585766.25
    },
    "scrypt": {
        "name": "scrypt",
        "port": 3433,
        "coins": 35,
        "fees": 0.5,
        "hashrate": 54301099263,
        "workers": 155,
        "estimate_current": "0.00184086",
        "estimate_last24h": "0.00174737",
        "actual_last24h": 1.7164239999999997,
        "hashrate_last24h": 60578577939.927
    },
    "sib": {
        "name": "sib",
        "port": 5033,
        "coins": 1,
        "fees": 0.5,
        "hashrate": 483638515,
        "workers": 7,
        "estimate_current": "0.00000237",
        "estimate_last24h": "0.00000647",
        "actual_last24h": 0.0046696666666666666,
        "hashrate_last24h": 1543312392.8333
    },
    "skein": {
        "name": "skein",
        "port": 4933,
        "coins": 11,
        "fees": 0.5,
        "hashrate": 739190672238,
        "workers": 250,
        "estimate_current": "0.00000036",
        "estimate_last24h": "0.00000040",
        "actual_last24h": 0.00029133333333333333,
        "hashrate_last24h": 550303995567.76
    },
    "skunk": {
        "name": "skunk",
        "port": 8433,
        "coins": 2,
        "fees": 0.5,
        "hashrate": 14002617763,
        "workers": 110,
        "estimate_current": "0.00000539",
        "estimate_last24h": "0.00000440",
        "actual_last24h": 0.003908,
        "hashrate_last24h": 2603657431.1563
    },
    "timetravel": {
        "name": "timetravel",
        "port": 3555,
        "coins": 1,
        "fees": 0.5,
        "hashrate": 0,
        "workers": 1,
        "estimate_current": "0.00000221",
        "estimate_last24h": "0.00000440",
        "actual_last24h": 0.002983,
        "hashrate_last24h": 398099035.125
    },
    "tribus": {
        "name": "tribus",
        "port": 8533,
        "coins": 1,
        "fees": 0.5,
        "hashrate": 212667539044,
        "workers": 733,
        "estimate_current": "0.00000118",
        "estimate_last24h": "0.00000341",
        "actual_last24h": 0.0020206666666666667,
        "hashrate_last24h": 191372213108.69
    },
    "x11": {
        "name": "x11",
        "port": 3533,
        "coins": 36,
        "fees": 0.5,
        "hashrate": 652200977287,
        "workers": 179,
        "estimate_current": "0.00002456",
        "estimate_last24h": "0.00002033",