{
    "bitcore": {
        "name": "bitcore",
        "port": 3556,
        "coins": 1,
        "fees": 1,
        "hashrate": 66543338,
        "workers": 2,
        "estimate_current": "0.00001143",
        "estimate_last24h": "0.00001115",
        "actual_last24h": 0.011430000000000001,
        "hashrate_last24h": 81950358.7188
    },
    "blake2s": {
        "name": "blake2s",
        "port": 5766,
        "coins": 4,
        "fees": 1,
        "hashrate": 55180823559,
        "workers": 67,
        "estimate_current": "0.00002635",
        "estimate_last24h": "0.00001652",
        "actual_last24h": 0.02635,
        "hashrate_last24h": 31330583833.438
    },
    "blakecoin": {
        "name": "blakecoin",
        "port": 5743,
        "coins": 3,
        "fees": 1,
        "hashrate": 1307313,
        "workers": 3,
        "estimate_current": "0.00000417",
        "estimate_last24h": "0.00000375",
        "actual_last24h": 0.00417,
        "hashrate_last24h": 613664927.25
    },
    "c11": {
        "name": "c11",
        "port": 3573,
        "coins": 2,
        "fees": 1,
        "hashrate": 3036756,
        "workers": 4,
        "estimate_current": "0.00000731",
        "estimate_last24h": "0.00000597",
        "actual_last24h": 0.0073900000000000007,
        "hashrate_last24h": 12216490.4375
    },
    "groestl": {
        "name": "groestl",
        "port": 5333,
        "coins": 1,
        "fees": 1,
        "hashrate": 3260700,
        "workers": 5,
        "estimate_current": "0.00000363",
        "estimate_last24h": "0.00000240",
        "actual_last24h": 0.00356,
        "hashrate_last24h": 19241454.1042
    },
    "hmq1725": {
        "name": "hmq1725",
        "port": 3747,
        "coins": 1,
        "fees": 1,
        "hashrate": 2682756,
        "workers": 4,
        "estimate_current": "0.00002034",
        "estimate_last24h": "0.00002724",
        "actual_last24h": 0.020339999999999997,
        "hashrate_last24h": 1288463.3125
    },
    "hsr": {
        "name": "hsr",
        "port": 7433,
        "coins": 1,
        "fees": 1,
        "hashrate": 576530,
        "workers": 2,
        "estimate_current": "0.00000630",
        "estimate_last24h": "0.00001045",
        "actual_last24h": 0.006649995,
        "hashrate_last24h": 36619845.6354
    },
    "keccak": {
        "name": "keccak",
        "port": 5133,
        "coins": 1,
        "fees": 1,
        "hashrate": 1091494355,
        "workers": 1,
        "estimate_current": "0.00008654",
        "estimate_last24h": "0.00008209",
        "actual_last24h": 0.086875000000000008,
        "hashrate_last24h": 2080389100.5938
    },
    "lbry": {
        "name": "lbry",
        "port": 3334,
        "coins": 1,
        "fees": 1,
        "hashrate": 3375552,
        "workers": 4,
        "estimate_current": "0.00000004",
        "estimate_last24h": "0.00000005",
        "actual_last24h": 4E-05,
        "hashrate_last24h": 172409531.625
    },
    "lyra2v2": {
        "name": "lyra2v2",
        "port": 4533,
        "coins": 6,
        "fees": 1,
        "hashrate": 792901,
        "workers": 1,
        "estimate_current": "0.00000270",
        "estimate_last24h": "0.00000271",
        "actual_last24h": 0.0026300000000000004,
        "hashrate_last24h": 845537087.1979
    },
    "myr-gr": {
        "name": "myr-gr",
        "port": 5433,
        "coins": 6,
        "fees": 1,
        "hashrate": 745548,
        "workers": 2,
        "estimate_current": "0.00000024",
        "estimate_last24h": "0.00000028",
        "actual_last24h": 0.000275,
        "hashrate_last24h": 250055821.1146
    },
    "neoscrypt": {
        "name": "neoscrypt",
        "port": 4233,
        "coins": 11,
        "fees": 1,
        "hashrate": 89679438,
        "workers": 74,
        "estimate_current": "0.00018899",
        "estimate_last24h": "0.00017314",
        "actual_last24h": 0.18031,
        "hashrate_last24h": 223350701.5521
    },
    "nist5": {
        "name": "nist5",
        "port": 3833,
        "coins": 3,
        "fees": 1,
        "hashrate": 20168209847,
        "workers": 118,
        "estimate_current": "0.00000284",
        "estimate_last24h": "0.00000260",
        "actual_last24h": 0.002835,
        "hashrate_last24h": 1395438768.5938
    },
    "phi": {
        "name": "phi",
        "port": 8333,
        "coins": 1,
        "fees": 1,
        "hashrate": 6948942808,
        "workers": 369,
        "estimate_current": "0.00001230",
        "estimate_last24h": "0.00001002",
        "actual_last24h": 0.01229,
        "hashrate_last24h": 5730089882.5625
    },
    "scrypt": {
        "name": "scrypt",
        "port": 3433,
        "coins": 12,
        "fees": 1,
        "hashrate": 1974692,
        "workers": 2,
        "estimate_current": "0.00177777",
        "estimate_last24h": "0.00224687",
        "actual_last24h": 0.00224687,
        "hashrate_last24h": 298261.6146
    },
    "sib": {
        "name": "sib",
        "port": 5033,
        "coins": 1,
        "fees": 1,
        "hashrate": 446577,
        "workers": 3,
        "estimate_current": "0.00000077",
        "estimate_last24h": "0.00000078",
        "actual_last24h": 0.00077000000000000007,
        "hashrate_last24h": 1312694.7083
    },
    "skein": {
        "name": "skein",
        "port": 4933,
        "coins": 4,
        "fees": 1,
        "hashrate": 14103069146,
        "workers": 4,
        "estimate_current": "0.00000017",
        "estimate_last24h": "0.00000032",
        "actual_last24h": 0.000165,
        "hashrate_last24h": 116752213636.02
    },
    "skunk": {
        "name": "skunk",
        "port": 8433,
        "coins": 1,
        "fees": 1,
        "hashrate": 134052458,
        "workers": 2,
        "estimate_current": "0.00000154",
        "estimate_last24h": "0.00000581",
        "actual_last24h": 0.0013100000000000002,
        "hashrate_last24h": 979879875.9792
    },
    "timetravel": {
        "name": "timetravel",
        "port": 3555,
        "coins": 1,
        "fees": 1,
        "hashrate": 65970698,
        "workers": 1,
        "estimate_current": "0.00000951",
        "estimate_last24h": "0.00000551",
        "actual_last24h": 0.00696,
        "hashrate_last24h": 150482522.9896
    },
    "tribus": {
        "name": "tribus",
        "port": 8533,
        "coins": 1,
        "fees": 1,
        "hashrate": 8530011208,
        "workers": 22,
        "estimate_current": "0.00000174",
        "estimate_last24h": "0.00000352",
        "actual_last24h": 0.0017400000000000002,
        "hashrate_last24h": 7042800174.5938
    },
    "x11": {
        "name": "x11",
        "port": 3533,
        "coins": 7,
        "fees": 1,
        "hashrate": 18999560928,
        "workers": 2,
        "estimate_current": "0.00002457",
        "estimate_last24h": "0.00002256",
        "actual_last24h": 0.02318,
        "hashrate_last24h": 19112260869.792
    },
    "x17": {
        "name": "x17",
        "port": 3737,
        "coins": 3,
        "fees": 1,
        "hashrate": 5790497357,
        "workers": 252,
        "estimate_current": "0.00001593",
        "estimate_last24h": "0.00001830",
        "actual_last24h": 0.01786,
        "hashrate_last24h": 5541249982.2083
    },
    "xevan": {
        "name": "xevan",
        "port": 3739,
        "coins": 2,
        "fees": 1,
        "hashrate": 87245236,
        "workers": 5,
        "estimate_current": "0.00004695",
        "estimate_last24h": "0.00005142",
        "actual_last24h": 0.046945000000000008,
        "hashrate_last24h": 360620898.5313
    },
    "yescrypt": {
        "name": "yescrypt",
        "port": 6233,
        "coins": 3,
        "fees": 1,
        "hashrate": 3598465,