{
    "bitcore":  {
                    "name":  "bitcore",
                    "port":  3556,
                    "coins":  1,
                    "fees":  1,
                    "hashrate":  102220174,
                    "workers":  3,
                    "estimate_current":  "0.00001777",
                    "estimate_last24h":  "0.00001694",
                    "actual_last24h":  0.01777,
                    "hashrate_last24h":  147627260.7813
                },
    "blake2s":  {
                    "name":  "blake2s",
                    "port":  5766,
                    "coins":  4,
                    "fees":  1,
                    "hashrate":  353485658252,
                    "workers":  75,
                    "estimate_current":  "0.00007359",
                    "estimate_last24h":  "0.00005926",
                    "actual_last24h":  0.07359,
                    "hashrate_last24h":  594418892467.98
                },
    "blakecoin":  {
                      "name":  "blakecoin",
                      "port":  5743,
                      "coins":  3,
                      "fees":  1,
                      "hashrate":  77317657665,
                      "workers":  1,
                      "estimate_current":  "0.00000351",
                      "estimate_last24h":  "0.00000524",
                      "actual_last24h":  0.0035099999999999997,
                      "hashrate_last24h":  2744045061.0417
                  },
    "c11":  {
                "name":  "c11",
                "port":  3573,
                "coins":  2,
                "fees":  1,
                "hashrate":  801521,
                "workers":  1,
                "estimate_current":  "0.00000798",
                "estimate_last24h":  "0.00000828",
                "actual_last24h":  0.00798,
                "hashrate_last24h":  30127229.4271
            },
    "groestl":  {
                    "name":  "groestl",
                    "port":  5333,
                    "coins":  1,
                    "fees":  1,
                    "hashrate":  2370147,
                    "workers":  3,
                    "estimate_current":  "0.00000289",
                    "estimate_last24h":  "0.00000348",
                    "actual_last24h":  0.0028899999999999998,
                    "hashrate_last24h":  7561526.2604
                },
    "hmq1725":  {
                    "name":  "hmq1725",
                    "port":  3747,
                    "coins":  1,
                    "fees":  1,
                    "hashrate":  1976744,
                    "workers":  4,
                    "estimate_current":  "0.00003961",
                    "estimate_last24h":  "0.00003815",
                    "actual_last24h":  0.03961,
                    "hashrate_last24h":  1121220.4167
                },
    "hsr":  {
                "name":  "hsr",
                "port":  7433,
                "coins":  1,
                "fees":  1,
                "hashrate":  1399760,
                "workers":  2,
                "estimate_current":  "0.00001545",
                "estimate_last24h":  "0.00001717",
                "actual_last24h":  0.01545,
                "hashrate_last24h":  58605191.4271
            },
    "keccak":  {
                   "name":  "keccak",
                   "port":  5133,
                   "coins":  1,
                   "fees":  1,
                   "hashrate":  1656826584,
                   "workers":  1,
                   "estimate_current":  "0.00009645",
                   "estimate_last24h":  "0.00009504",
                   "actual_last24h":  0.09645,
                   "hashrate_last24h":  2580848234.2396
               },
    "lbry":  {
                 "name":  "lbry",
                 "port":  3334,
                 "coins":  1,
                 "fees":  1,
                 "hashrate":  1034540,
                 "workers":  2,
                 "estimate_current":  "0.00000007",
                 "estimate_last24h":  "0.00000008",
                 "actual_last24h":  7.0000000000000007E-05,
                 "hashrate_last24h":  22295652.4167
             },
    "lyra2v2":  {
                    "name":  "lyra2v2",
                    "port":  4533,
                    "coins":  6,
                    "fees":  1,
                    "hashrate":  52684932,
                    "workers":  1,
                    "estimate_current":  "0.00000613",
                    "estimate_last24h":  "0.00000573",
                    "actual_last24h":  0.0061300000000000009,
                    "hashrate_last24h":  1092143369.4688
                },
    "myr-gr":  {
                   "name":  "myr-gr",
                   "port":  5433,
                   "coins":  5,
                   "fees":  1,
                   "hashrate":  1271672,
                   "workers":  4,
                   "estimate_current":  "0.00000051",
                   "estimate_last24h":  "0.00000058",
                   "actual_last24h":  0.00051,
                   "hashrate_last24h":  1068969.6354
               },
    "neoscrypt":  {
                      "name":  "neoscrypt",
                      "port":  4233,
                      "coins":  10,
                      "fees":  1,
                      "hashrate":  344050529,
                      "workers":  62,
                      "estimate_current":  "0.00029545",
                      "estimate_last24h":  "0.00026640",
                      "actual_last24h":  0.29545,
                      "hashrate_last24h":  201331846.25
                  },
    "nist5":  {
                  "name":  "nist5",
                  "port":  3833,
                  "coins":  3,
                  "fees":  1,
                  "hashrate":  3410072,
                  "workers":  4,
                  "estimate_current":  "0.00000031",
                  "estimate_last24h":  "0.00000096",
                  "actual_last24h":  0.00031,
                  "hashrate_last24h":  704376163.6458
              },
    "phi":  {
                "name":  "phi",
                "port":  8333,
                "coins":  1,
                "fees":  1,
                "hashrate":  3490319032,
                "workers":  134,
                "estimate_current":  "0.00002452",
                "estimate_last24h":  "0.00001450",
                "actual_last24h":  0.02452,
                "hashrate_last24h":  4141662084.2708
            },
    "scrypt":  {
                   "name":  "scrypt",
                   "port":  3433,
                   "coins":  10,
                   "fees":  1,
                   "hashrate":  1713708,
                   "workers":  2,
                   "estimate_current":  "0.00387545",
                   "estimate_last24h":  "0.00281862",
                   "actual_last24h":  3.87545,
                   "hashrate_last24h":  0
               },
    "sib":  {
                "name":  "sib",
                "port":  5033,
                "coins":  1,
                "fees":  1,
                "hashrate":  341879,
                "workers":  1,
                "estimate_current":  "0.00001907",
                "estimate_last24h":  "0.00001348",
                "actual_last24h":  0.01907,
                "hashrate_last24h":  445968940.8854
            },
    "skein":  {
                  "name":  "skein",
                  "port":  4933,
                  "coins":  4,
                  "fees":  1,
                  "hashrate":  8532210232,
                  "workers":  2,
                  "estimate_current":  "0.00000038",
                  "estimate_last24h":  "0.00000057",
                  "actual_last24h":  0.00038,
                  "hashrate_last24h":  147280927304.45
              },