{
    "bitcore":  {
                    "name":  "bitcore",
                    "port":  3556,
                    "coins":  1,
                    "fees":  1,
                    "hashrate":  125498990,
                    "workers":  2,
                    "estimate_current":  "0.00000816",
                    "estimate_last24h":  "0.00000868",
                    "actual_last24h":  0.00828999,
                    "hashrate_last24h":  34374709.1354
                },
    "blake2s":  {
                    "name":  "blake2s",
                    "port":  5766,
                    "coins":  4,
                    "fees":  1,
                    "hashrate":  87872969292,
                    "workers":  79,
                    "estimate_current":  "0.00003984",
                    "estimate_last24h":  "0.00002963",
                    "actual_last24h":  0.0335,
                    "hashrate_last24h":  276141734476.21
                },
    "blakecoin":  {
                      "name":  "blakecoin",
                      "port":  5743,
                      "coins":  3,
                      "fees":  1,
                      "hashrate":  7564639999,
                      "workers":  5,
                      "estimate_current":  "0.00000269",
                      "estimate_last24h":  "0.00000265",
                      "actual_last24h":  0.00257,
                      "hashrate_last24h":  1273677323.8125
                  },
    "c11":  {
                "name":  "c11",
                "port":  3573,
                "coins":  8,
                "fees":  1,
                "hashrate":  1231453,
                "workers":  2,
                "estimate_current":  "0.00000207",
                "estimate_last24h":  "0.00000951",
                "actual_last24h":  0.009093934426229508,
                "hashrate_last24h":  724268466.9271
            },
    "groestl":  {
                    "name":  "groestl",
                    "port":  5333,
                    "coins":  1,
                    "fees":  1,
                    "hashrate":  2924080,
                    "workers":  5,
                    "estimate_current":  "0.00000057",
                    "estimate_last24h":  "0.00000053",
                    "actual_last24h":  0.00047999999999999996,
                    "hashrate_last24h":  30367805.7917
                },
    "hmq1725":  {
                    "name":  "hmq1725",
                    "port":  3747,
                    "coins":  2,
                    "fees":  1,
                    "hashrate":  914442,
                    "workers":  1,
                    "estimate_current":  "0.00001437",
                    "estimate_last24h":  "0.00001349",
                    "actual_last24h":  0.015671147540983608,
                    "hashrate_last24h":  38040957.6979
                },
    "hsr":  {
                "name":  "hsr",
                "port":  7433,
                "coins":  1,
                "fees":  1,
                "hashrate":  5570859,
                "workers":  2,
                "estimate_current":  "0.00000615",
                "estimate_last24h":  "0.00001106",
                "actual_last24h":  0.0094324590163934428,
                "hashrate_last24h":  214677507.4063
            },
    "keccak":  {
                   "name":  "keccak",
                   "port":  5133,
                   "coins":  2,
                   "fees":  1,
                   "hashrate":  877776783,
                   "workers":  1,
                   "estimate_current":  "0.00020021",
                   "estimate_last24h":  "0.00016865",
                   "actual_last24h":  0.15993377049180327,
                   "hashrate_last24h":  11617087194.573
               },
    "lbry":  {
                 "name":  "lbry",
                 "port":  3334,
                 "coins":  1,
                 "fees":  1,
                 "hashrate":  37834195112,
                 "workers":  6,
                 "estimate_current":  "0.00000004",
                 "estimate_last24h":  "0.00000004",
                 "actual_last24h":  4E-05,
                 "hashrate_last24h":  26851620139.75
             },
    "lyra2v2":  {
                    "name":  "lyra2v2",
                    "port":  4533,
                    "coins":  8,
                    "fees":  1,
                    "hashrate":  1424669234,
                    "workers":  5,
                    "estimate_current":  "0.00000233",
                    "estimate_last24h":  "0.00000354",
                    "actual_last24h":  0.0028621311475409837,
                    "hashrate_last24h":  3378455854.1875
                },
    "m7m":  {
                "name":  "m7m",
                "port":  6033,
                "coins":  1,
                "fees":  1,
                "hashrate":  396059,
                "workers":  10,
                "estimate_current":  "0.00004081",
                "estimate_last24h":  "0.00058211",
                "actual_last24h":  0.17759540983606559,
                "hashrate_last24h":  719936.9688
            },
    "myr-gr":  {
                   "name":  "myr-gr",
                   "port":  5433,
                   "coins":  7,
                   "fees":  1,
                   "hashrate":  682765,
                   "workers":  5,
                   "estimate_current":  "0.00000031",
                   "estimate_last24h":  "0.00000020",
                   "actual_last24h":  0.00017999999999999998,
                   "hashrate_last24h":  5109642801.1354
               },
    "neoscrypt":  {
                      "name":  "neoscrypt",
                      "port":  4233,
                      "coins":  14,
                      "fees":  1,
                      "hashrate":  1031374863,
                      "workers":  95,
                      "estimate_current":  "0.00010331",
                      "estimate_last24h":  "0.00013926",
                      "actual_last24h":  0.14990278688524591,
                      "hashrate_last24h":  285977294.2292
                  },
    "nist5":  {
                  "name":  "nist5",
                  "port":  3833,
                  "coins":  3,
                  "fees":  1,
                  "hashrate":  2180946,
                  "workers":  3,
                  "estimate_current":  "0.00000006",
                  "estimate_last24h":  "0.00000015",
                  "actual_last24h":  0.00016,
                  "hashrate_last24h":  376121243.0625
              },
    "phi":  {
                "name":  "phi",
                "port":  8333,
                "coins":  2,
                "fees":  1,
                "hashrate":  6799526508,
                "workers":  146,
                "estimate_current":  "0.00001203",
                "estimate_last24h":  "0.00000922",
                "actual_last24h":  0.0088100000000000019,
                "hashrate_last24h":  10908725205.802
            },
    "quark":  {
                  "name":  "quark",
                  "port":  4033,
                  "coins":  3,
                  "fees":  1,
                  "hashrate":  527887,
                  "workers":  1,
                  "estimate_current":  "0.00014258",
                  "estimate_last24h":  "0.00013953",
                  "actual_last24h":  0.20207,
                  "hashrate_last24h":  466196900.6563
              },
    "qubit":  {
                  "name":  "qubit",
                  "port":  4733,
                  "coins":  2,
                  "fees":  1,
                  "hashrate":  234562,
                  "workers":  2,
                  "estimate_current":  "0.00013655",
                  "estimate_last24h":  "0.00017786",
                  "actual_last24h":  0.14829777,