{
    "bitcore":  {
                    "name":  "bitcore",
                    "port":  3556,
                    "coins":  1,
                    "fees":  0,
                    "hashrate":  64352876,
                    "workers":  3,
                    "estimate_current":  "0.00001033",
                    "estimate_last24h":  "0.00001125",
                    "actual_last24h":  0,
                    "hashrate_last24h":  113743554.1414
                },
    "blake2s":  {
                    "name":  "blake2s",
                    "port":  5766,
                    "coins":  5,
                    "fees":  0,
                    "hashrate":  365888149414,
                    "workers":  62,
                    "estimate_current":  "0.00001308",
                    "estimate_last24h":  "0.00001595",
                    "actual_last24h":  0.01155,
                    "hashrate_last24h":  442974679372.95
                },
    "c11":  {
                "name":  "c11",
                "port":  3573,
                "coins":  5,
                "fees":  0,
                "hashrate":  40399956806,
                "workers":  531,
                "estimate_current":  "0.00000925",
                "estimate_last24h":  "0.00001338",
                "actual_last24h":  0.011182777777777778,
                "hashrate_last24h":  55080290509.969
            },
    "groestl":  {
                    "name":  "groestl",
                    "port":  5333,
                    "coins":  1,
                    "fees":  0,
                    "hashrate":  330311618,
                    "workers":  4,
                    "estimate_current":  "0.00000203",
                    "estimate_last24h":  "0.00000230",
                    "actual_last24h":  0.00267,
                    "hashrate_last24h":  61908693.6806
                },
    "hsr":  {
                "name":  "hsr",
                "port":  7433,
                "coins":  1,
                "fees":  0,
                "hashrate":  232539379,
                "workers":  4,
                "estimate_current":  "0.00001319",
                "estimate_last24h":  "0.00001447",
                "actual_last24h":  0.011594444444444444,
                "hashrate_last24h":  1084596032.9738
            },
    "keccak":  {
                   "name":  "keccak",
                   "port":  5133,
                   "coins":  1,
                   "fees":  0,
                   "hashrate":  32870824,
                   "workers":  5,
                   "estimate_current":  "0.00005196",
                   "estimate_last24h":  "0.00007613",
                   "actual_last24h":  0.07869,
                   "hashrate_last24h":  234973838.0419
               },
    "keccakc":  {
                    "name":  "keccakc",
                    "port":  5134,
                    "coins":  1,
                    "fees":  0,
                    "hashrate":  209760017940,
                    "workers":  19,
                    "estimate_current":  "0.00023876",
                    "estimate_last24h":  "0.00018873",
                    "actual_last24h":  0.19644,
                    "hashrate_last24h":  43887880918.665
                },
    "lyra2v2":  {
                    "name":  "lyra2v2",
                    "port":  4533,
                    "coins":  9,
                    "fees":  0,
                    "hashrate":  32875397671,
                    "workers":  83,
                    "estimate_current":  "0.00000310",
                    "estimate_last24h":  "0.00000436",
                    "actual_last24h":  0.0036688888888888886,
                    "hashrate_last24h":  19032774143.429
                },
    "lyra2z":  {
                   "name":  "lyra2z",
                   "port":  4553,
                   "coins":  2,
                   "fees":  0,
                   "hashrate":  665990788,
                   "workers":  123,
                   "estimate_current":  "0.00008368",
                   "estimate_last24h":  "0.00009859",
                   "actual_last24h":  0.0721,
                   "hashrate_last24h":  1169755528.0576
               },
    "m7m":  {
                "name":  "m7m",
                "port":  6033,
                "coins":  1,
                "fees":  0,
                "hashrate":  110538,
                "workers":  3,
                "estimate_current":  "0.00016243",
                "estimate_last24h":  "0.00009820",
                "actual_last24h":  0,
                "hashrate_last24h":  75878.9634
            },
    "myr-gr":  {
                   "name":  "myr-gr",
                   "port":  5433,
                   "coins":  4,
                   "fees":  0,
                   "hashrate":  34445500275,
                   "workers":  7,
                   "estimate_current":  "0.00000021",
                   "estimate_last24h":  "0.00000016",
                   "actual_last24h":  0.000255,
                   "hashrate_last24h":  14865406111.094
               },
    "neoscrypt":  {
                      "name":  "neoscrypt",
                      "port":  4233,
                      "coins":  26,
                      "fees":  0,
                      "hashrate":  4050222224,
                      "workers":  630,
                      "estimate_current":  "0.00014699",
                      "estimate_last24h":  "0.00019103",
                      "actual_last24h":  0.16770666666666667,
                      "hashrate_last24h":  2981862191.6545
                  },
    "nist5":  {
                  "name":  "nist5",
                  "port":  3833,
                  "coins":  7,
                  "fees":  0,
                  "hashrate":  3831343558,
                  "workers":  38,
                  "estimate_current":  "0.00000182",
                  "estimate_last24h":  "0.00000286",
                  "actual_last24h":  0.00296,
                  "hashrate_last24h":  23418004243.283
              },
    "phi":  {
                "name":  "phi",
                "port":  8333,
                "coins":  1,
                "fees":  0,
                "hashrate":  17948545093,
                "workers":  188,
                "estimate_current":  "0.00001220",
                "estimate_last24h":  "0.00001180",
                "actual_last24h":  0.01252,
                "hashrate_last24h":  13146021987.817
            },
    "quark":  {
                  "name":  "quark",
                  "port":  4033,
                  "coins":  3,
                  "fees":  0,
                  "hashrate":  42944989040,
                  "workers":  34,
                  "estimate_current":  "0.00026810",
                  "estimate_last24h":  "0.00020395",
                  "actual_last24h":  0.263015,
                  "hashrate_last24h":  56929289131.895
              },
    "qubit":  {
                  "name":  "qubit",
                  "port":  4733,
                  "coins":  3,
                  "fees":  0,
                  "hashrate":  147507665233,
                  "workers":  18,
                  "estimate_current":  "0.00022573",
                  "estimate_last24h":  "0.00025649",
                  "actual_last24h":  0.24144,
                  "hashrate_last24h":  159440946235.05
              },
    "scrypt":  {
                   "name":  "scrypt",
                   "port":  3433,
                   "coins":  37,
                   "fees":  0,
                   "hashrate":  145457616581,
                   "workers":  335,
                   "estimate_current":  "0.00169576",
                   "estimate_last24h":  "0.00204118",
                   "actual_last24h":  1.7844649999999997,
                   "hashrate_last24h":  122366053004.4
               },