{
    "bitcore":  {
                    "name":  "bitcore",
                    "port":  3556,
                    "coins":  1,
                    "fees":  0.5,
                    "hashrate":  0,
                    "workers":  0,
                    "estimate_current":  "0.00001753",
                    "estimate_last24h":  "0.00001512",
                    "actual_last24h":  0,
                    "hashrate_last24h":  16102997.7083
                },
    "blake2s":  {
                    "name":  "blake2s",
                    "port":  5766,
                    "coins":  5,
                    "fees":  0.5,
                    "hashrate":  40168824801,
                    "workers":  7,
                    "estimate_current":  "0.00007194",
                    "estimate_last24h":  "0.00005151",
                    "actual_last24h":  0,
                    "hashrate_last24h":  73865919122.25
                },
    "c11":  {
                "name":  "c11",
                "port":  3573,
                "coins":  4,
                "fees":  0.5,
                "hashrate":  1251889279,
                "workers":  22,
                "estimate_current":  "0.00002261",
                "estimate_last24h":  "0.00001963",
                "actual_last24h":  0.022609999999999998,
                "hashrate_last24h":  4416209068.7917
            },
    "groestl":  {
                    "name":  "groestl",
                    "port":  5333,
                    "coins":  1,
                    "fees":  0.5,
                    "hashrate":  0,
                    "workers":  1,
                    "estimate_current":  "0.00000301",
                    "estimate_last24h":  "0.00000312",
                    "actual_last24h":  0,
                    "hashrate_last24h":  16553518.9479
                },
    "hsr":  {
                "name":  "hsr",
                "port":  7433,
                "coins":  1,
                "fees":  0.5,
                "hashrate":  0,
                "workers":  0,
                "estimate_current":  "0.00002519",
                "estimate_last24h":  "0.00002129",
                "actual_last24h":  0.02519,
                "hashrate_last24h":  380448737.5625
            },
    "lyra2v2":  {
                    "name":  "lyra2v2",
                    "port":  4533,
                    "coins":  8,
                    "fees":  0.5,
                    "hashrate":  333976686,
                    "workers":  1,
                    "estimate_current":  "0.00000583",
                    "estimate_last24h":  "0.00000507",
                    "actual_last24h":  0.00583,
                    "hashrate_last24h":  343552049.6667
                },
    "lyra2z":  {
                   "name":  "lyra2z",
                   "port":  4553,
                   "coins":  2,
                   "fees":  0.5,
                   "hashrate":  93735038,
                   "workers":  22,
                   "estimate_current":  "0.00020715",
                   "estimate_last24h":  "0.00015868",
                   "actual_last24h":  0.20715,
                   "hashrate_last24h":  185663780.3229
               },
    "m7m":  {
                "name":  "m7m",
                "port":  6033,
                "coins":  1,
                "fees":  0.5,
                "hashrate":  30449,
                "workers":  2,
                "estimate_current":  "0.00011230",
                "estimate_last24h":  "0.00006836",
                "actual_last24h":  0,
                "hashrate_last24h":  116549.2813
            },
    "myr-gr":  {
                   "name":  "myr-gr",
                   "port":  5433,
                   "coins":  5,
                   "fees":  0.5,
                   "hashrate":  0,
                   "workers":  0,
                   "estimate_current":  "0.00000041",
                   "estimate_last24h":  "0.00000051",
                   "actual_last24h":  0.00040999999999999988,
                   "hashrate_last24h":  73842284.6771
               },
    "neoscrypt":  {
                      "name":  "neoscrypt",
                      "port":  4233,
                      "coins":  26,
                      "fees":  0.5,
                      "hashrate":  1821589413,
                      "workers":  358,
                      "estimate_current":  "0.00033412",
                      "estimate_last24h":  "0.00030336",
                      "actual_last24h":  0.33412,
                      "hashrate_last24h":  2724902202.6771
                  },
    "nist5":  {
                  "name":  "nist5",
                  "port":  3833,
                  "coins":  5,
                  "fees":  0.5,
                  "hashrate":  2883036769,
                  "workers":  9,
                  "estimate_current":  "0.00000615",
                  "estimate_last24h":  "0.00000511",
                  "actual_last24h":  0.00615,
                  "hashrate_last24h":  3472878333.6979
              },
    "phi":  {
                "name":  "phi",
                "port":  8333,
                "coins":  1,
                "fees":  0.5,
                "hashrate":  3841634987,
                "workers":  37,
                "estimate_current":  "0.00002262",
                "estimate_last24h":  "0.00001316",
                "actual_last24h":  0.02262,
                "hashrate_last24h":  1168307764.9167
            },
    "quark":  {
                  "name":  "quark",
                  "port":  4033,
                  "coins":  2,
                  "fees":  0.5,
                  "hashrate":  21110623,
                  "workers":  0,
                  "estimate_current":  "0.00025001",
                  "estimate_last24h":  "0.00036748",
                  "actual_last24h":  0,
                  "hashrate_last24h":  979826732.9063
              },
    "qubit":  {
                  "name":  "qubit",
                  "port":  4733,
                  "coins":  4,
                  "fees":  0.5,
                  "hashrate":  30709858209,
                  "workers":  11,
                  "estimate_current":  "0.00039364",
                  "estimate_last24h":  "0.00051721",
                  "actual_last24h":  0.39364,
                  "hashrate_last24h":  59486604246.802
              },
    "scrypt":  {
                   "name":  "scrypt",
                   "port":  3433,
                   "coins":  38,
                   "fees":  0.5,
                   "hashrate":  2934988254,
                   "workers":  16,
                   "estimate_current":  "0.01644853",
                   "estimate_last24h":  "0.00678348",
                   "actual_last24h":  16.448529999999998,
                   "hashrate_last24h":  4825095227.1042
               },
    "sib":  {
                "name":  "sib",
                "port":  5033,
                "coins":  1,
                "fees":  0.5,
                "hashrate":  0,
                "workers":  0,
                "estimate_current":  "0.00001988",
                "estimate_last24h":  "0.00001267",
                "actual_last24h":  0.01988,
                "hashrate_last24h":  138014975.375
            },
    "skein":  {
                  "name":  "skein",
                  "port":  4933,
                  "coins":  5,
                  "fees":  0.5,
                  "hashrate":  6344915100,
                  "workers":  2,
                  "estimate_current":  "0.00000037",
                  "estimate_last24h":  "0.00000042",
                  "actual_last24h":  0.00037,
                  "hashrate_last24h":  6423957769.2188
              },
    "skunk":  {
                  "name":  "skunk",
                  "port":  8433,
                  "coins":  3,
                  "fees":  0.5,