{
    "aergo":  {
                  "name":  "aergo",
                  "port":  3691,
                  "coins":  1,
                  "fees":  0.5,
                  "hashrate":  1350581443,
                  "workers":  67,
                  "estimate_current":  "0.00002796",
                  "estimate_last24h":  "0.00003160",
                  "actual_last24h":  2.796E-05,
                  "mbtc_mh_factor":  1,
                  "hashrate_last24h":  1264017197.9583
              },
    "allium":  {
                   "name":  "allium",
                   "port":  6433,
                   "coins":  1,
                   "fees":  0.5,
                   "hashrate":  581567002,
                   "workers":  42,
                   "estimate_current":  "0.00002788",
                   "estimate_last24h":  "0.00002958",
                   "actual_last24h":  2.788E-05,
                   "mbtc_mh_factor":  1,
                   "hashrate_last24h":  573548607.8229
               },
    "balloon":  {
                    "name":  "balloon",
                    "port":  5100,
                    "coins":  1,
                    "fees":  0.5,
                    "hashrate":  2084674,
                    "workers":  23,
                    "estimate_current":  "0.00000619",
                    "estimate_last24h":  "0.00000651",
                    "actual_last24h":  6.19E-06,
                    "mbtc_mh_factor":  0.001,
                    "hashrate_last24h":  1164138.4792
                },
    "bitcore":  {
                    "name":  "bitcore",
                    "port":  3556,
                    "coins":  1,
                    "fees":  0.5,
                    "hashrate":  94374748,
                    "workers":  5,
                    "estimate_current":  "0.00000594",
                    "estimate_last24h":  "0.00000629",
                    "actual_last24h":  0,
                    "mbtc_mh_factor":  1,
                    "hashrate_last24h":  132645286.0104
                },
    "blake2s":  {
                    "name":  "blake2s",
                    "port":  5766,
                    "coins":  4,
                    "fees":  0.5,
                    "hashrate":  557994821019,
                    "workers":  35,
                    "estimate_current":  "0.00000709",
                    "estimate_last24h":  "0.00000829",
                    "actual_last24h":  7.09E-06,
                    "mbtc_mh_factor":  1000,
                    "hashrate_last24h":  131088662981.8
                },
    "c11":  {
                "name":  "c11",
                "port":  3573,
                "coins":  8,
                "fees":  0.5,
                "hashrate":  26180867193,
                "workers":  25,
                "estimate_current":  "0.00000512",
                "estimate_last24h":  "0.00000543",
                "actual_last24h":  5.12E-06,
                "mbtc_mh_factor":  1,
                "hashrate_last24h":  10414833439.812
            },
    "equihash":  {
                     "name":  "equihash",
                     "port":  2142,
                     "coins":  5,
                     "fees":  0.5,
                     "hashrate":  118349,
                     "workers":  159,
                     "estimate_current":  "0.00040431",
                     "estimate_last24h":  "0.00028013",
                     "actual_last24h":  0.00040431,
                     "mbtc_mh_factor":  0.001,
                     "hashrate_last24h":  39748.8438
                 },
    "equihash192":  {
                        "name":  "equihash192",
                        "port":  2144,
                        "coins":  1,
                        "fees":  0.5,
                        "hashrate":  956,
                        "workers":  15,
                        "estimate_current":  "0.00626572",
                        "estimate_last24h":  "0.00681473",
                        "actual_last24h":  0.00626572,
                        "mbtc_mh_factor":  0.001,
                        "hashrate_last24h":  1050.8438
                    },
    "groestl":  {
                    "name":  "groestl",
                    "port":  5333,
                    "coins":  1,
                    "fees":  0.5,
                    "hashrate":  0,
                    "workers":  0,
                    "estimate_current":  "0.00000015",
                    "estimate_last24h":  "0.00000018",
                    "actual_last24h":  1.5E-07,
                    "mbtc_mh_factor":  1,
                    "hashrate_last24h":  0
                },
    "hmq1725":  {
                    "name":  "hmq1725",
                    "port":  3747,
                    "coins":  4,
                    "fees":  0.5,
                    "hashrate":  849521724,
                    "workers":  70,
                    "estimate_current":  "0.00002292",
                    "estimate_last24h":  "0.00003835",
                    "actual_last24h":  2.292E-05,
                    "mbtc_mh_factor":  1,
                    "hashrate_last24h":  1861877082.5625
                },
    "hsr":  {
                "name":  "hsr",
                "port":  7433,
                "coins":  1,
                "fees":  0.5,
                "hashrate":  4326563595,
                "workers":  152,
                "estimate_current":  "0.00001823",
                "estimate_last24h":  "0.00001456",
                "actual_last24h":  1.823E-05,
                "mbtc_mh_factor":  1,
                "hashrate_last24h":  7092844751.75
            },
    "keccak":  {
                   "name":  "keccak",
                   "port":  5133,
                   "coins":  2,
                   "fees":  0.5,
                   "hashrate":  83412617151,
                   "workers":  64,
                   "estimate_current":  "0.00013556",
                   "estimate_last24h":  "0.00015875",
                   "actual_last24h":  0.00013556,
                   "mbtc_mh_factor":  1000,
                   "hashrate_last24h":  69515818577.979
               },
    "keccakc":  {
                    "name":  "keccakc",
                    "port":  5134,
                    "coins":  1,
                    "fees":  0.5,
                    "hashrate":  15841213733,
                    "workers":  30,
                    "estimate_current":  "0.00023952",
                    "estimate_last24h":  "0.00009927",
                    "actual_last24h":  0.00023952,
                    "mbtc_mh_factor":  1000,
                    "hashrate_last24h":  23470563419
                },
    "lyra2v2":  {
                    "name":  "lyra2v2",
                    "port":  4533,
                    "coins":  12,
                    "fees":  0.5,
                    "hashrate":  51176425227,
                    "workers":  129,
                    "estimate_current":  "0.00000330",
                    "estimate_last24h":  "0.00000311",
                    "actual_last24h":  3.2999999999999997E-06,
                    "mbtc_mh_factor":  1,
                    "hashrate_last24h":  29752655766.781
                },
    "lyra2z":  {
                   "name":  "lyra2z",
                   "port":  4553,
                   "coins":  12,
                   "fees":  0.5,
                   "hashrate":  37009241550,
                   "workers":  1491,
                   "estimate_current":  "0.00006854",
                   "estimate_last24h":  "0.00006519",
                   "actual_last24h":  6.854E-05,
                   "mbtc_mh_factor":  1,
                   "hashrate_last24h":  14099391290.958
               },
    "m7m":  {
                "name":  "m7m",
                "port":  6033,
                "coins":  1,
                "fees":  0.5,
                "hashrate":  2329513,
                "workers":  22,
                "estimate_current":  "0.00003960",
                "estimate_last24h":  "0.00043477",