{
    "bitcore":  {
                    "name":  "bitcore",
                    "port":  3556,
                    "coins":  1,
                    "fees":  0.25,
                    "hashrate":  0,
                    "workers":  0,
                    "estimate_current":  8.4058E-06,
                    "estimate_last24h":  "0.00000667",
                    "actual_last24h":  0,
                    "mbtc_mh_factor":  1,
                    "hashrate_last24h":  38694971.0104,
                    "estimate_old":  8.4058E-06
                },
    "c11":  {
                "name":  "c11",
                "port":  3573,
                "coins":  5,
                "fees":  0.25,
                "hashrate":  993870551,
                "workers":  14,
                "estimate_current":  5.7454766708701E-06,
                "estimate_last24h":  "0.00000793",
                "actual_last24h":  0.0046054734042552982,
                "mbtc_mh_factor":  1,
                "hashrate_last24h":  4733038078.3333,
                "estimate_old":  4.5384E-06
            },
    "keccak":  {
                   "name":  "keccak",
                   "port":  5133,
                   "coins":  1,
                   "fees":  0.25,
                   "hashrate":  801498164,
                   "workers":  5,
                   "estimate_current":  0.0001872944,
                   "estimate_last24h":  "0.00017325",
                   "actual_last24h":  0.21886799999999998,
                   "mbtc_mh_factor":  1000,
                   "hashrate_last24h":  11602691895.344,
                   "estimate_old":  0.0001872944
               },
    "lyra2v2":  {
                    "name":  "lyra2v2",
                    "port":  4533,
                    "coins":  12,
                    "fees":  0.25,
                    "hashrate":  89374862666,
                    "workers":  554,
                    "estimate_current":  4.9052557471264E-06,
                    "estimate_last24h":  "0.00000348",
                    "actual_last24h":  0.0056520184482758591,
                    "mbtc_mh_factor":  1,
                    "hashrate_last24h":  88903792740,
                    "estimate_old":  3.3062E-06
                },
    "lyra2z":  {
                   "name":  "lyra2z",
                   "port":  4553,
                   "coins":  9,
                   "fees":  0.25,
                   "hashrate":  2141440761,
                   "workers":  155,
                   "estimate_current":  5.76816E-05,
                   "estimate_last24h":  "0.00007140",
                   "actual_last24h":  0.080839025820152233,
                   "mbtc_mh_factor":  1,
                   "hashrate_last24h":  2363634746.8646,
                   "estimate_old":  5.76816E-05
               },
    "neoscrypt":  {
                      "name":  "neoscrypt",
                      "port":  4233,
                      "coins":  21,
                      "fees":  0.25,
                      "hashrate":  514878162,
                      "workers":  159,
                      "estimate_current":  0.00017344168895553,
                      "estimate_last24h":  "0.00012839",
                      "actual_last24h":  0.17489764586827639,
                      "mbtc_mh_factor":  1,
                      "hashrate_last24h":  884701980.9792,
                      "estimate_old":  0.0001374452
                  },
    "phi":  {
                "name":  "phi",
                "port":  8334,
                "coins":  2,
                "fees":  0.25,
                "hashrate":  45739684,
                "workers":  1,
                "estimate_current":  7.1639043209877E-06,
                "estimate_last24h":  "0.00000486",
                "actual_last24h":  0.0074191048459958759,
                "mbtc_mh_factor":  1,
                "hashrate_last24h":  340045044.8958,
                "estimate_old":  6.283E-06
            },
    "scrypt":  {
                   "name":  "scrypt",
                   "port":  3433,
                   "coins":  74,
                   "fees":  0.25,
                   "hashrate":  342978894667,
                   "workers":  671,
                   "estimate_current":  9.1340909090909E-07,
                   "estimate_last24h":  "0.00000077",
                   "actual_last24h":  0.00086812857142857126,
                   "mbtc_mh_factor":  1,
                   "hashrate_last24h":  350618327882.48,
                   "estimate_old":  8.54E-07
               },
    "sha256":  {
                   "name":  "sha256",
                   "port":  3333,
                   "coins":  11,
                   "fees":  0.25,
                   "hashrate":  128950694385260,
                   "workers":  21,
                   "estimate_current":  5.5E-08,
                   "estimate_last24h":  "0.00000005",
                   "actual_last24h":  6.105E-05,
                   "mbtc_mh_factor":  1000,
                   "hashrate_last24h":  122965060286030,
                   "estimate_old":  4.88E-08
               },
    "skein":  {
                  "name":  "skein",
                  "port":  4933,
                  "coins":  9,
                  "fees":  0.25,
                  "hashrate":  3112820039,
                  "workers":  7,
                  "estimate_current":  0.00010536491666667,
                  "estimate_last24h":  "0.00000015",
                  "actual_last24h":  0.06386168,
                  "mbtc_mh_factor":  1000,
                  "hashrate_last24h":  8612880177.9583,
                  "estimate_old":  2.806E-07
              },
    "skunk":  {
                  "name":  "skunk",
                  "port":  8433,
                  "coins":  1,
                  "fees":  0.25,
                  "hashrate":  0,
                  "workers":  0,
                  "estimate_current":  1.2842252747253E-06,
                  "estimate_last24h":  "0.00000182",
                  "actual_last24h":  0.0012901593406593,
                  "mbtc_mh_factor":  1,
                  "hashrate_last24h":  2773835717.7396,
                  "estimate_old":  9.028E-07
              },
    "tribus":  {
                   "name":  "tribus",
                   "port":  8533,
                   "coins":  3,
                   "fees":  0.25,
                   "hashrate":  304198217,
                   "workers":  2,
                   "estimate_current":  2.0252E-06,
                   "estimate_last24h":  "0.00000141",
                   "actual_last24h":  0.001432792,
                   "mbtc_mh_factor":  1,
                   "hashrate_last24h":  593574406.4063,
                   "estimate_old":  2.0252E-06
               },
    "x11":  {
                "name":  "x11",
                "port":  3533,
                "coins":  28,
                "fees":  0.25,
                "hashrate":  3129865460221,
                "workers":  194,
                "estimate_current":  2.3710265273653E-05,
                "estimate_last24h":  "0.00002357",
                "actual_last24h":  0.029332866008261359,
                "mbtc_mh_factor":  1000,
                "hashrate_last24h":  2431776156547.6,
                "estimate_old":  2.04838E-05
            },
    "x13":  {
                "name":  "x13",
                "port":  3633,
                "coins":  2,
                "fees":  0.25,
                "hashrate":  0,
                "workers":  0,
                "estimate_current":  1.586E-07,
                "estimate_last24h":  "0.00000015",
                "actual_last24h":  0,
                "mbtc_mh_factor":  1,
                "hashrate_last24h":  258385.2292,
                "estimate_old":  1.586E-07
            },
    "x16r":  {
                 "name":  "x16r",