{
    "bitcore":  {
                    "name":  "bitcore",
                    "port":  3556,
                    "coins":  1,
                    "fees":  2,
                    "hashrate":  1566685366,
                    "workers":  81,
                    "estimate_current":  "0.00001521",
                    "estimate_last24h":  "0.00001462",
                    "actual_last24h":  0.01521,
                    "hashrate_last24h":  5145011175.1979
                },
    "blake2s":  {
                    "name":  "blake2s",
                    "port":  5766,
                    "coins":  4,
                    "fees":  2,
                    "hashrate":  13011092837520,
                    "workers":  3026,
                    "estimate_current":  "0.00006030",
                    "estimate_last24h":  "0.00004919",
                    "actual_last24h":  0.0603,
                    "hashrate_last24h":  8755819591092
                },
    "blakecoin":  {
                      "name":  "blakecoin",
                      "port":  5743,
                      "coins":  3,
                      "fees":  2,
                      "hashrate":  725032627511,
                      "workers":  15,
                      "estimate_current":  "0.00001370",
                      "estimate_last24h":  "0.00001881",
                      "actual_last24h":  0.013699999999999999,
                      "hashrate_last24h":  520999461653.02
                  },
    "c11":  {
                "name":  "c11",
                "port":  3573,
                "coins":  2,
                "fees":  2,
                "hashrate":  827301869,
                "workers":  41,
                "estimate_current":  "0.00000697",
                "estimate_last24h":  "0.00001210",
                "actual_last24h":  0.0069700000000000005,
                "hashrate_last24h":  7527275539.7813
            },
    "equihash":  {
                     "name":  "equihash",
                     "port":  2142,
                     "coins":  3,
                     "fees":  1.5,
                     "hashrate":  3070882.964,
                     "workers":  1835,
                     "estimate_current":  "0.00045641",
                     "estimate_last24h":  "0.00047978",
                     "actual_last24h":  0.45641,
                     "hashrate_last24h":  842148.9497084
                 },
    "groestl":  {
                    "name":  "groestl",
                    "port":  5333,
                    "coins":  1,
                    "fees":  2,
                    "hashrate":  99299314,
                    "workers":  28,
                    "estimate_current":  "0.00000250",
                    "estimate_last24h":  "0.00000306",
                    "actual_last24h":  0.0025,
                    "hashrate_last24h":  101529732.5625
                },
    "hsr":  {
                "name":  "hsr",
                "port":  7433,
                "coins":  1,
                "fees":  2,
                "hashrate":  1362397528,
                "workers":  33,
                "estimate_current":  "0.00001913",
                "estimate_last24h":  "0.00002171",
                "actual_last24h":  0.01913,
                "hashrate_last24h":  2812408418.1458
            },
    "keccak":  {
                   "name":  "keccak",
                   "port":  5133,
                   "coins":  1,
                   "fees":  2,
                   "hashrate":  52093257470,
                   "workers":  81,
                   "estimate_current":  "0.00008321",
                   "estimate_last24h":  "0.00008305",
                   "actual_last24h":  0.083209999999999992,
                   "hashrate_last24h":  43597929076.708
               },
    "lbry":  {
                 "name":  "lbry",
                 "port":  3334,
                 "coins":  1,
                 "fees":  2,
                 "hashrate":  16143235899,
                 "workers":  85,
                 "estimate_current":  "0.00000006",
                 "estimate_last24h":  "0.00000007",
                 "actual_last24h":  5.9999999999999954E-05,
                 "hashrate_last24h":  17430396405.385
             },
    "lyra2v2":  {
                    "name":  "lyra2v2",
                    "port":  4533,
                    "coins":  7,
                    "fees":  1.75,
                    "hashrate":  100422863753,
                    "workers":  998,
                    "estimate_current":  "0.00000775",
                    "estimate_last24h":  "0.00000641",
                    "actual_last24h":  0.00775,
                    "hashrate_last24h":  152964209994.86
                },
    "lyra2z":  {
                   "name":  "lyra2z",
                   "port":  4553,
                   "coins":  1,
                   "fees":  1,
                   "hashrate":  177452674,
                   "workers":  181,
                   "estimate_current":  "0.00012991",
                   "estimate_last24h":  "0.00012945",
                   "actual_last24h":  0.12991,
                   "hashrate_last24h":  550224056.3958
               },
    "m7m":  {
                "name":  "m7m",
                "port":  6033,
                "coins":  1,
                "fees":  2,
                "hashrate":  22234837,
                "workers":  793,
                "estimate_current":  "0.00010566",
                "estimate_last24h":  "0.00006441",
                "actual_last24h":  0.10566,
                "hashrate_last24h":  20338884.9583
            },
    "myr-gr":  {
                   "name":  "myr-gr",
                   "port":  5433,
                   "coins":  5,
                   "fees":  2,
                   "hashrate":  59446928675,
                   "workers":  9,
                   "estimate_current":  "0.00000005",
                   "estimate_last24h":  "0.00000019",
                   "actual_last24h":  4.9999999999999996E-05,
                   "hashrate_last24h":  70794499513.531
               },
    "neoscrypt":  {
                      "name":  "neoscrypt",
                      "port":  4233,
                      "coins":  9,
                      "fees":  2,
                      "hashrate":  7837242503,
                      "workers":  2301,
                      "estimate_current":  "0.00024733",
                      "estimate_last24h":  "0.00024278",
                      "actual_last24h":  0.24732999999999997,
                      "hashrate_last24h":  7157893099.6667
                  },
    "nist5":  {
                  "name":  "nist5",
                  "port":  3833,
                  "coins":  4,
                  "fees":  2,
                  "hashrate":  8212457590,
                  "workers":  88,
                  "estimate_current":  "0.00000026",
                  "estimate_last24h":  "0.00000299",
                  "actual_last24h":  0.00026000000000000003,
                  "hashrate_last24h":  28256829900.458
              },
    "phi":  {
                "name":  "phi",
                "port":  8333,
                "coins":  1,
                "fees":  2,
                "hashrate":  7157791377,
                "workers":  176,
                "estimate_current":  "0.00002105",
                "estimate_last24h":  "0.00001264",
                "actual_last24h":  0.02105,
                "hashrate_last24h":  7650783833.6875
            },
    "polytimos":  {
                      "name":  "polytimos",
                      "port":  8463,
                      "coins":  1,
                      "fees":  2,
                      "hashrate":  86758798,
                      "workers":  4,
                      "estimate_current":  "0.00000836",
                      "estimate_last24h":  "0.00000656",