{
    "aergo":  {
                  "name":  "aergo",
                  "port":  3691,
                  "coins":  1,
                  "fees":  1.75,
                  "hashrate":  34466024,
                  "workers":  2,
                  "estimate_current":  "0.00002779",
                  "estimate_last24h":  "0.00003145",
                  "actual_last24h":  2.8315E-05,
                  "mbtc_mh_factor":  1,
                  "hashrate_last24h":  29974366.75
              },
    "allium":  {
                   "name":  "allium",
                   "port":  6433,
                   "coins":  1,
                   "fees":  1.75,
                   "hashrate":  15662294,
                   "workers":  8,
                   "estimate_current":  "0.00002771",
                   "estimate_last24h":  "0.00002939",
                   "actual_last24h":  2.7315E-05,
                   "mbtc_mh_factor":  1,
                   "hashrate_last24h":  42518971.8229
               },
    "bitcore":  {
                    "name":  "bitcore",
                    "port":  3556,
                    "coins":  1,
                    "fees":  1.75,
                    "hashrate":  583013314,
                    "workers":  30,
                    "estimate_current":  "0.00000571",
                    "estimate_last24h":  "0.00000603",
                    "actual_last24h":  5.715E-06,
                    "mbtc_mh_factor":  1,
                    "hashrate_last24h":  678718401.3021
                },
    "blake2s":  {
                    "name":  "blake2s",
                    "port":  5766,
                    "coins":  4,
                    "fees":  1.75,
                    "hashrate":  14299046098142,
                    "workers":  2540,
                    "estimate_current":  "0.00000595",
                    "estimate_last24h":  "0.00000835",
                    "actual_last24h":  5.9949999999999994E-06,
                    "mbtc_mh_factor":  1000,
                    "hashrate_last24h":  15783785979444
                },
    "blakecoin":  {
                      "name":  "blakecoin",
                      "port":  5743,
                      "coins":  2,
                      "fees":  1.75,
                      "hashrate":  214683310362,
                      "workers":  9,
                      "estimate_current":  "0.00000067",
                      "estimate_last24h":  "0.00000074",
                      "actual_last24h":  5.5E-07,
                      "mbtc_mh_factor":  1000,
                      "hashrate_last24h":  189438523388.32
                  },
    "c11":  {
                "name":  "c11",
                "port":  3573,
                "coins":  7,
                "fees":  1.75,
                "hashrate":  103852538,
                "workers":  14,
                "estimate_current":  "0.00001101",
                "estimate_last24h":  "0.00000471",
                "actual_last24h":  9.1699999999999986E-06,
                "mbtc_mh_factor":  1,
                "hashrate_last24h":  221286183.1354
            },
    "equihash":  {
                     "name":  "equihash",
                     "port":  2142,
                     "coins":  7,
                     "fees":  1.75,
                     "hashrate":  537791.428,
                     "workers":  312,
                     "estimate_current":  "0.00027679",
                     "estimate_last24h":  "0.00023177",
                     "actual_last24h":  0.00027258999999999996,
                     "mbtc_mh_factor":  0.5,
                     "hashrate_last24h":  864900.7022916
                 },
    "hmq1725":  {
                    "name":  "hmq1725",
                    "port":  3747,
                    "coins":  4,
                    "fees":  1.75,
                    "hashrate":  1123443378,
                    "workers":  112,
                    "estimate_current":  "0.00002839",
                    "estimate_last24h":  "0.00003952",
                    "actual_last24h":  2.8420000000000002E-05,
                    "mbtc_mh_factor":  1,
                    "hashrate_last24h":  1890672162.6458
                },
    "hsr":  {
                "name":  "hsr",
                "port":  7433,
                "coins":  1,
                "fees":  1.75,
                "hashrate":  5804688387,
                "workers":  165,
                "estimate_current":  "0.00001933",
                "estimate_last24h":  "0.00001402",
                "actual_last24h":  1.8545E-05,
                "mbtc_mh_factor":  1,
                "hashrate_last24h":  5949330974.0625
            },
    "keccak":  {
                   "name":  "keccak",
                   "port":  5133,
                   "coins":  2,
                   "fees":  1.75,
                   "hashrate":  262568263265,
                   "workers":  189,
                   "estimate_current":  "0.00014086",
                   "estimate_last24h":  "0.00016072",
                   "actual_last24h":  0.000141445,
                   "mbtc_mh_factor":  1000,
                   "hashrate_last24h":  146334301434.5
               },
    "keccakc":  {
                    "name":  "keccakc",
                    "port":  5134,
                    "coins":  1,
                    "fees":  1.75,
                    "hashrate":  48574934786,
                    "workers":  118,
                    "estimate_current":  "0.00023115",
                    "estimate_last24h":  "0.00009249",
                    "actual_last24h":  0.000268905,
                    "mbtc_mh_factor":  1000,
                    "hashrate_last24h":  13455471610.688
                },
    "lyra2v2":  {
                    "name":  "lyra2v2",
                    "port":  4533,
                    "coins":  12,
                    "fees":  2,
                    "hashrate":  70319953144,
                    "workers":  444,
                    "estimate_current":  "0.00000384",
                    "estimate_last24h":  "0.00000316",
                    "actual_last24h":  3.4199999999999994E-06,
                    "mbtc_mh_factor":  1,
                    "hashrate_last24h":  141476788228.77
                },
    "lyra2z":  {
                   "name":  "lyra2z",
                   "port":  4553,
                   "coins":  9,
                   "fees":  1.75,
                   "hashrate":  2047429175,
                   "workers":  374,
                   "estimate_current":  "0.00006814",
                   "estimate_last24h":  "0.00006387",
                   "actual_last24h":  6.8165E-05,
                   "mbtc_mh_factor":  1,
                   "hashrate_last24h":  2403289342.3021
               },
    "myr-gr":  {
                   "name":  "myr-gr",
                   "port":  5433,
                   "coins":  5,
                   "fees":  1.75,
                   "hashrate":  277897898882,
                   "workers":  36,
                   "estimate_current":  "0.00000010",
                   "estimate_last24h":  "0.00000010",
                   "actual_last24h":  9.499999999999999E-08,
                   "mbtc_mh_factor":  1,
                   "hashrate_last24h":  202741392404.75
               },
    "neoscrypt":  {
                      "name":  "neoscrypt",
                      "port":  4233,
                      "coins":  29,
                      "fees":  1.75,
                      "hashrate":  1351983980,
                      "workers":  778,
                      "estimate_current":  "0.00007801",
                      "estimate_last24h":  "0.00011440",
                      "actual_last24h":  8.0629999999999992E-05,
                      "mbtc_mh_factor":  1,
                      "hashrate_last24h":  2109471642.4688
                  },